annee,academie,bac_general Inscrits,bac_general Présents,bac_general Réussite,bac_general Réussite (chiffres),bac_general AB,bac_general B,bac_general TB,bac_pro Inscrits,bac_pro Présents,bac_pro Réussite,bac_pro AB,bac_pro B,bac_pro TB,bac_techno Inscrits,bac_techno Présents,bac_techno Réussite,bac_techno AB,bac_techno B,bac_techno TB
1997,AIX-MARSEILLE,15713,15525,"0,7474396135",11604,2353,699,131,3845,3744,"0,7486645299",979,276,7,6966,6852,"0,7342381786",1018,171,11
1997,AMIENS,10472,10391,"0,7339043403",7626,1626,625,156,3282,3231,"0,7691117301",860,262,25,6161,6074,"0,7369114257",943,164,17
1997,ANTILLES-GUYANE ,5795,5660,"0,65",3679,546,157,32,2200,2136,"0,68",324,34,0,3197,3060,"0,66",169,15,3
1997,BESANCON,6809,6759,"0,7669773635",5184,1000,303,80,1877,1843,"0,8117200217",577,121,2,3345,3298,"0,8062462098",753,126,7
1997,BORDEAUX,16517,16309,"0,7500766448",12233,2154,588,83,3948,3856,"0,8067946058",1098,232,8,6756,6652,"0,7790138304",1057,171,13
1997,CAEN,8585,8517,"0,7252553716",6177,1110,335,56,2433,2384,"0,8196308725",750,134,12,3867,3812,"0,7788562434",644,104,4
1997,CLERMONT-FERRAND,7822,7752,"0,7687048504",5959,1270,422,78,2295,2236,"0,8161896243",706,226,12,3396,3331,"0,8135694986",724,135,7
1997,CORSE,1403,1387,"0,7721701514",1071,200,76,24,273,258,"0,7325581395",60,16,0,618,585,"0,6923076923",48,8,1
1997,CRETEIL,20626,20253,"0,70646324",14308,2716,783,108,6607,6468,"0,7520098949",1636,457,38,11737,11452,"0,749650716",1617,225,15
1997,DIJON,9164,9114,"0,7694755321",7013,1481,524,128,2396,2360,"0,7974576271",711,160,13,4487,4444,"0,7900540054",802,151,12
1997,GRENOBLE,17274,17038,"0,7993309074",13619,3053,1057,208,3797,3738,"0,8287854468",1124,330,16,7787,7658,"0,8166623139",1575,290,21
1997,LA REUNION,4461,4385,"0,6592930445",2891,550,214,75,1310,1268,"0,6758675079",218,31,0,2643,2592,"0,6631944444",279,59,0
1997,LILLE,24878,24585,"0,7452918446",18323,4134,1675,476,9035,8870,"0,7729425028",2391,695,92,15482,15278,"0,7436837282",2618,609,55
1997,LIMOGES,4125,4072,"0,722740668",2943,565,205,56,1335,1314,"0,796042618",365,98,7,2047,2014,"0,7358490566",319,49,2
1997,LYON,18251,17920,"0,7751116071",13890,2996,993,190,4812,4728,"0,8039340102",1496,356,21,7772,7606,"0,7737312648",1409,240,18
1997,MONTPELLIER,12859,12678,"0,7554819372",9578,2028,742,175,2779,2698,"0,8102297999",826,167,16,5289,5178,"0,7678640402",855,173,17
1997,NANCY-METZ,12972,12889,"0,7716657615",9946,2226,785,188,4515,4457,"0,7769800314",1209,320,16,7553,7473,"0,7660912619",1339,278,29
1997,NANTES,20778,20566,"0,7966060488",16383,3454,1037,189,5443,5368,"0,830290611",1622,355,16,9222,9078,"0,8443489755",2007,394,21
1997,NICE,9682,9521,"0,7504463817",7145,1554,558,115,2149,2093,"0,7926421405",624,173,7,4012,3809,"0,7498030979",561,73,7
1997,ORLEANS-TOURS,13287,13193,"0,7961797923",10504,2273,820,166,3805,3734,"0,8002142475",1115,301,15,6315,6258,"0,8334931288",1348,328,16
1997,PARIS,17020,16607,"0,7656409948",12715,3212,1210,177,3723,3603,"0,7676935887",970,309,26,4948,4804,"0,7508326395",743,107,8
1997,POITIERS,8784,8713,"0,7819350396",6813,1434,524,91,2477,2435,"0,8188911704",724,132,6,4298,4111,"0,8207248845",779,156,9
1997,REIMS,8130,8034,"0,7326362957",5886,1049,345,55,2501,2452,"0,8034257749",714,181,19,3792,3761,"0,7923424621",735,101,5
1997,RENNES,18495,18323,"0,7928286853",14527,2933,918,160,4749,4661,"0,8463848959",1490,357,15,9587,9510,"0,8227129338",1918,334,16
1997,ROUEN,9652,9572,"0,7714166318",7384,1561,488,90,3487,3423,"0,8048495472",919,284,17,5929,5854,"0,7517936454",909,138,8
1997,STRASBOURG,8844,8762,"0,7965076467",6979,1517,519,115,2822,2765,"0,7974683544",827,257,6,4107,4034,"0,8088745662",831,141,9
1997,TOULOUSE,14282,14083,"0,8087055315",11389,2451,905,168,3499,3427,"0,8187919463",1060,254,14,6216,6115,"0,819787408",1197,190,10
1997,VERSAILLES,29109,28495,"0,8107387261",23102,5614,1737,239,7567,7416,"0,7823624595",2193,634,53,15564,15219,"0,7908535383",2734,382,33
1998,AIX-MARSEILLE,15379,15152,"0,752375924",11400,2373,781,124,4061,3974,"0,7393054857",1020,185,9,7193,7088,"0,766224605",1221,235,20
1998,AMIENS,10661,10566,"0,7380276358",7798,1685,641,165,3259,3220,"0,7462732919",823,154,7,6257,6190,"0,7302100162",882,184,16
1998,BESANCON,6717,6659,"0,800720829",5332,1162,396,61,2038,2010,"0,7805970149",567,111,4,3543,3508,"0,8209806157",711,115,12
1998,BORDEAUX,16276,16102,"0,7849956527",12640,2541,753,125,4311,4249,"0,7724170393",1056,160,8,7178,7052,"0,8231707317",1251,257,20
1998,CAEN,8505,8416,"0,7644961977",6434,1358,458,74,2614,2565,"0,7816764133",684,120,3,4132,4074,"0,823269514",803,128,6
1998,CLERMONT-FERRAND,7558,7481,"0,8160673707",6105,1474,463,102,2182,2155,"0,8102088167",630,130,6,3555,3508,"0,8489167617",767,155,12
1998,CORSE,1498,1466,"0,7175989086",1052,179,75,21,317,303,"0,7128712871",59,9,0,652,642,"0,7274143302",83,15,0
1998,CRETEIL,20661,20273,"0,7256449465",14711,2811,767,113,6607,6488,"0,7322749692",1482,278,13,11932,11650,"0,7557939914",1676,217,20
1998,DIJON,9132,9132,"0,7997152869",7303,1734,601,144,2351,2326,"0,7532244196",563,93,1,4552,4551,"0,8119094704",936,207,12
1998,GRENOBLE,17391,17161,"0,8356156401",14340,3670,1335,292,3970,3934,"0,800965938",1088,191,4,8175,8028,"0,8394369706",1741,345,35
1998,GUADELOUPE,2931,2854,"0,6937631395",1980,281,56,14,1066,1028,"0,6575875486",108,9,0,1463,1400,"0,7428571429",104,11,2
1998,GUYANE,575,560,"0,6160714286",345,52,21,4,239,231,"0,6060606061",29,2,0,281,264,"0,6553030303",28,3,1
1998,LA REUNION,4310,4269,"0,7032091825",3002,548,244,79,1257,1241,"0,6768734891",174,21,4,2632,2609,"0,7102338061",342,50,4
1998,LILLE,24477,24262,"0,7573984008",18376,4093,1754,471,9484,9352,"0,7340675791",2171,605,70,15842,15624,"0,751344086",2740,594,67
1998,LIMOGES,4029,3988,"0,7527582748",3002,635,230,56,1204,1192,"0,7575503356",276,55,1,2015,1994,"0,7898696088",372,62,6
1998,LYON,17581,17352,"0,8173697556",14183,3447,1188,247,5086,5007,"0,7711204314",1486,271,14,7884,7741,"0,8036429402",1528,272,21
1998,MARTINIQUE,2284,2242,"0,7421944692",1664,322,85,20,993,980,"0,6734693878",115,10,1,1533,1467,"0,7218813906",106,10,1
1998,MONTPELLIER,12704,12537,"0,7743479301",9708,2083,787,167,3035,2944,"0,7795516304",791,152,11,5645,5571,"0,7799317896",974,169,7
1998,NANCY-METZ,12844,12844,"0,812441607",10435,2536,931,204,4621,4576,"0,7836538462",1284,255,10,8052,8039,"0,7957457395",1750,382,42
1998,NANTES,20291,20104,"0,8335654596",16758,4184,1323,221,5679,5602,"0,7997143877",1674,273,4,9395,9219,"0,8663629461",2231,495,37
1998,NICE,9731,9550,"0,7759162304",7410,1724,658,144,2348,2246,"0,7733748887",606,108,5,3917,3789,"0,7846397466",597,85,9
1998,ORLEANS-TOURS,13197,13124,"0,8197195977",10758,2692,1000,232,3675,3622,"0,7689122032",1010,178,8,6399,6323,"0,8432705994",1558,302,21
1998,PARIS,16525,16132,"0,7801884453",12586,3101,1236,199,3583,3499,"0,7413546728",952,182,13,4934,4781,"0,7709684166",795,150,17
1998,POITIERS,8838,8754,"0,8071738634",7066,1616,557,94,2448,2433,"0,7870941225",683,119,4,4400,4350,"0,824137931",830,123,8
1998,REIMS,7904,7824,"0,7887269939",6171,1429,467,110,2430,2398,"0,7468723937",561,97,7,4019,3983,"0,7886015566",784,138,13
1998,RENNES,18456,18456,"0,8389683572",15484,3769,1149,198,4866,4782,"0,8283145128",1518,338,12,9812,9798,"0,8370075526",2122,366,30
1998,ROUEN,9760,9668,"0,7785477865",7527,1684,531,120,3536,3502,"0,7798400914",965,197,17,6117,6019,"0,7639142715",1004,150,12
1998,STRASBOURG,8667,8566,"0,8091291151",6931,1714,652,153,2934,2884,"0,7926490985",896,180,14,4161,4113,"0,8232433747",944,224,16
1998,TOULOUSE,13744,13590,"0,8247976453",11209,2459,933,174,3580,3504,"0,8059360731",1007,219,12,6650,6536,"0,8421052632",1398,264,15
1998,VERSAILLES,29029,28440,"0,8228902954",23403,5585,1737,253,7601,7447,"0,7441922922",2017,345,15,15795,15451,"0,8160636852",3137,520,39
1999,AIX-MARSEILLE,15218,15049,"0,7429065054",11180,2182,754,144,4373,4297,"0,7670467768",1121,314,15,7428,7319,"0,7643120645",1238,213,17
1999,AMIENS,10637,10559,"0,744578085",7862,1664,644,167,3493,3445,"0,7799709724",904,218,29,6468,6377,"0,723067273",934,198,18
1999,BESANCON,6240,6192,"0,8149224806",5046,1134,418,98,2132,2100,"0,829047619",626,158,8,3770,3718,"0,8090371167",817,156,11
1999,BORDEAUX,15819,15649,"0,7753211068",12133,2355,740,124,4653,4575,"0,781420765",1204,208,11,7254,7164,"0,8171412619",1275,260,13
1999,CAEN,8204,8143,"0,7707233206",6276,1197,417,104,2755,2706,"0,8015521064",735,116,7,4125,4057,"0,7971407444",750,139,6
1999,CLERMONT-FERRAND,7092,7024,"0,8166287016",5736,1427,495,113,2203,2173,"0,7965945697",637,154,9,3453,3413,"0,8394374451",696,139,10
1999,CORSE,1561,1529,"0,7253106606",1109,192,80,32,326,316,"0,7689873418",86,17,2,618,582,"0,7233676976",55,13,1
1999,CRETEIL,20382,20287,"0,7017794647",14237,2648,789,126,6717,6569,"0,6836657025",1361,254,12,12702,12616,"0,7159955612",1675,272,25
1999,DIJON,8711,8626,"0,7944586135",6853,1527,563,121,2537,2498,"0,8174539632",701,144,6,4664,4597,"0,8198825321",910,197,25
1999,GRENOBLE,16783,16636,"0,8395647992",13967,3404,1383,305,4380,4329,"0,8041118041",1384,255,12,8705,8597,"0,8358729789",1724,357,27
1999,GUADELOUPE,2819,2780,"0,7208633094",2004,283,75,14,1233,1185,"0,7189873418",190,21,1,1484,1444,"0,6710526316",97,11,1
1999,GUYANE,608,593,"0,6239460371",370,66,13,1,317,294,"0,6394557823",59,9,0,328,314,"0,652866242",26,3,2
1999,LA REUNION,4343,4287,"0,7319804059",3138,641,294,76,1510,1474,"0,6879240163",207,41,3,2706,2665,"0,7181988743",328,79,7
1999,LILLE,24437,24271,"0,7532858143",18283,3905,1595,571,10166,9990,"0,7674674675",2479,766,61,16666,16459,"0,7511999514",2878,761,76
1999,LIMOGES,3961,3930,"0,768956743",3022,646,235,58,1355,1342,"0,8017883756",373,80,2,2028,2015,"0,7781637717",328,67,7
1999,LYON,16915,16743,"0,8140715523",13630,3300,1256,239,5382,5301,"0,7945670628",1553,397,24,8076,7943,"0,8038524487",1507,264,19
1999,MARTINIQUE,2354,2311,"0,7633059282",1764,279,99,27,1180,1147,"0,6826503923",178,22,4,1562,1519,"0,6787360105",97,18,0
1999,MONTPELLIER,12254,12137,"0,7795171789",9461,2046,688,174,3133,3031,"0,7759815242",806,130,11,5931,5826,"0,7866460693",1055,215,9
1999,NANCY-METZ,12486,12356,"0,794917449",9822,2328,864,185,4782,4723,"0,82278213",1452,349,20,8164,8046,"0,786850609",1583,344,28
1999,NANTES,19341,19162,"0,8324809519",15952,3576,1240,263,5863,5774,"0,8228264635",1856,347,19,9704,9591,"0,8617453863",2272,466,36
1999,NICE,9798,9599,"0,7584123346",7280,1549,584,150,2433,2368,"0,7787162162",657,131,7,4218,4120,"0,7757281553",670,133,2
1999,ORLEANS-TOURS,12699,12598,"0,7999682489",10078,2284,897,230,3954,3898,"0,7821959979",1077,235,10,6828,6759,"0,8224589436",1521,308,24
1999,PARIS,16308,16214,"0,7523744912",12199,2970,1109,203,3763,3665,"0,7416098226",977,215,8,4763,4727,"0,7677173683",835,179,15
1999,POITIERS,8554,8478,"0,7983014862",6768,1432,499,113,2634,2602,"0,8274404304",817,187,14,4569,4496,"0,8512010676",927,176,9
1999,REIMS,7339,7234,"0,7884987559",5704,1309,495,129,2558,2515,"0,7777335984",623,116,8,4158,4118,"0,791403594",864,170,14
1999,RENNES,17237,17097,"0,8390360882",14345,3328,1075,161,5075,4985,"0,8419257773",1612,299,18,10075,9975,"0,8333834586",2071,348,6
1999,ROUEN,9826,9732,"0,7407521578",7209,1346,475,107,3729,3687,"0,773528614",1018,258,20,6350,6246,"0,7640089657",1003,174,7
1999,STRASBOURG,8630,8538,"0,8192785196",6995,1695,739,158,3078,3028,"0,8048216645",917,223,19,4530,4468,"0,8178155774",937,240,17
1999,TOULOUSE,13637,13494,"0,8151030087",10999,2487,896,210,3637,3565,"0,7884992987",984,234,11,6849,6742,"0,8322456244",1418,265,20
1999,VERSAILLES,28549,28445,"0,8037616453",22863,5448,1751,295,8253,8093,"0,7370567157",2124,427,23,16503,16411,"0,7900798245",3015,537,32
2000,AIX-MARSEILLE,15389,15153,"0,7565498581",11464,2262,786,174,4617,4484,"0,7763157895",1258,373,27,7601,7401,"0,7694906094",1305,285,28
2000,AMIENS,10322,10180,"0,7654223969",7792,1629,619,178,3441,3379,"0,7756732761",947,224,15,6569,6374,"0,7576090367",1119,245,21
2000,BESANCON,6182,6115,"0,810466067",4956,1107,421,76,2211,2159,"0,8300138953",674,157,7,3679,3600,"0,8338888889",825,189,12
2000,BORDEAUX,15540,15332,"0,7996347508",12260,2522,756,126,5007,4888,"0,8095335516",1445,232,8,7427,7260,"0,8282369146",1534,277,26
2000,CAEN,7931,7824,"0,7669989775",6001,1099,373,45,2813,2750,"0,808",727,191,4,4121,4029,"0,8267560189",850,154,6
2000,CLERMONT-FERRAND,6972,6899,"0,8188143209",5649,1374,511,119,2382,2331,"0,8095238095",763,139,8,3324,3268,"0,8525091799",789,170,10
2000,CORSE,1489,1453,"0,7969717825",1158,192,73,29,302,289,"0,7128027682",75,15,1,687,663,"0,7752639517",95,16,1
2000,CRETEIL,20991,20902,"0,7215577457",15082,2872,854,174,7044,6797,"0,7245843755",1591,308,16,13581,13479,"0,7142963128",1868,312,27
2000,DIJON,8520,8444,"0,8111084794",6849,1576,543,117,2688,2664,"0,8246996997",812,202,10,4695,4603,"0,8016510971",1010,211,22
2000,GRENOBLE,16653,16414,"0,8623735835",14155,3619,1430,370,4619,4525,"0,8190055249",1377,240,13,8926,8722,"0,8494611328",2067,465,33
2000,GUADELOUPE,2878,2819,"0,7488471089",2111,331,94,17,1215,1173,"0,7374254049",144,20,0,1587,1547,"0,709114415",114,17,1
2000,GUYANE,654,635,"0,7133858268",453,79,20,4,321,307,"0,667752443",44,7,0,305,300,"0,6433333333",29,5,0
2000,LA REUNION,4343,4281,"0,7521607101",3220,678,261,133,1508,1468,"0,6914168937",245,53,3,2747,2675,"0,7203738318",329,55,7
2000,LILLE,24581,24274,"0,7724314081",18750,4079,1803,573,9890,9641,"0,7533450887",2464,589,56,16414,15937,"0,759678735",2875,808,87
2000,LIMOGES,3594,3539,"0,7931619101",2807,626,226,59,1205,1185,"0,8075949367",333,78,5,1972,1933,"0,7646145887",335,60,5
2000,LYON,16786,16573,"0,8245942195",13666,3371,1233,252,5626,5482,"0,8214155418",1795,475,32,8424,8222,"0,7983459012",1630,358,26
2000,MARTINIQUE,2383,2342,"0,7250213493",1698,265,100,20,1027,992,"0,6481854839",129,9,0,1616,1552,"0,6552835052",103,10,0
2000,MONTPELLIER,12044,11859,"0,7961042246",9441,2053,736,203,3381,3271,"0,7832467135",894,163,4,6269,6092,"0,7928430729",1218,261,23
2000,NANCY-METZ,12700,12527,"0,8080146883",10122,2233,844,185,4810,4742,"0,8342471531",1547,362,17,8502,8272,"0,7961798839",1677,410,43
2000,NANTES,18967,18742,"0,8401984847",15747,3717,1250,257,6332,6232,"0,8281450578",2080,408,31,9900,9735,"0,8554699538",2289,484,27
2000,NICE,10365,10065,"0,7866865375",7918,1804,668,182,2541,2461,"0,759853718",661,106,6,4537,4363,"0,787531515",777,148,12
2000,ORLEANS-TOURS,12998,12856,"0,8049159925",10348,2413,955,241,3795,3726,"0,8255501879",1170,252,27,6924,6787,"0,8161190511",1481,381,29
2000,PARIS,16435,16283,"0,7802616226",12705,3185,1219,242,4007,3917,"0,7531273934",1067,313,15,4907,4855,"0,7367662204",821,167,19
2000,POITIERS,8382,8291,"0,8125678447",6737,1380,490,96,2719,2660,"0,8469924812",947,184,13,4515,4428,"0,8462059621",928,157,7
2000,REIMS,7363,7264,"0,7947411894",5773,1316,464,131,2587,2524,"0,7951664025",725,161,8,4077,4014,"0,8106626806",886,170,11
2000,RENNES,16901,16738,"0,8634842873",14453,3503,1230,239,5242,5096,"0,8626373626",1852,391,25,10460,10294,"0,866135613",2473,417,31
2000,ROUEN,10469,10361,"0,758807065",7862,1591,525,132,3825,3730,"0,7847184987",1024,281,37,6649,6539,"0,746597339",983,175,9
2000,STRASBOURG,8565,8448,"0,8412642045",7107,1830,667,154,3391,3326,"0,8144918821",1037,271,9,4614,4504,"0,839920071",1073,280,24
2000,TOULOUSE,13642,13475,"0,8227829314",11087,2523,896,193,3818,3708,"0,8435814455",1209,288,23,6829,6679,"0,8483305884",1515,343,25
2000,VERSAILLES,29415,29292,"0,8119623105",23784,5689,1885,395,8694,8418,"0,7401995723",2190,460,23,17205,17095,"0,76782685",3134,582,49
2001,AIX-MARSEILLE,14891,14656,"0,7549808952",11065,2264,718,130,5015,4853,"0,758499897",1319,289,32,7732,7503,"0,7427695588",1123,225,17
2001,AMIENS,9697,9537,"0,7563175003",7213,1459,549,144,3387,3330,"0,7558558559",937,220,16,6224,6011,"0,7456330062",948,197,18
2001,BESANCON,6020,5942,"0,8017502524",4764,1132,391,83,2234,2190,"0,8383561644",690,137,7,3567,3504,"0,8030821918",719,149,17
2001,BORDEAUX,14844,14612,"0,8089926088",11821,2508,755,140,5100,4992,"0,7952724359",1366,241,14,7437,7280,"0,8237637363",1326,266,24
2001,CAEN,7796,7698,"0,769160821",5921,1195,351,66,2758,2687,"0,7990323781",759,116,3,3991,3903,"0,8234691263",753,131,12
2001,CLERMONT-FERRAND,6777,6711,"0,8123975563",5452,1276,442,91,2332,2285,"0,827571116",736,160,13,3268,3209,"0,8289186663",652,138,11
2001,CORSE,1355,1326,"0,8031674208",1065,191,86,23,338,319,"0,6990595611",69,10,0,756,734,"0,7820163488",87,25,2
2001,CRETEIL,20477,20294,"0,7129693505",14469,2719,782,131,7117,6892,"0,6636680209",1235,184,7,13573,13470,"0,6752041574",1421,231,27
2001,DIJON,8175,8081,"0,8146269026",6583,1547,563,131,2532,2503,"0,7838593688",646,112,4,4645,4547,"0,8104244557",938,205,21
2001,GRENOBLE,15825,15605,"0,8503684716",13270,3453,1334,290,4627,4545,"0,8074807481",1344,228,11,8729,8502,"0,8470948012",1781,403,39
2001,GUADELOUPE,2871,2826,"0,7300070771",2063,335,83,21,1228,1185,"0,7518987342",197,18,1,1576,1538,"0,7314694408",136,25,3
2001,GUYANE,715,702,"0,6296296296",442,64,24,7,327,312,"0,6923076923",55,4,1,395,385,"0,574025974",23,5,0
2001,LA REUNION,4342,4253,"0,7644015989",3251,674,261,68,1600,1550,"0,7103225806",313,55,1,2830,2732,"0,7192532943",390,83,4
2001,LILLE,23160,22783,"0,7776851161",17718,3997,1698,494,9785,9503,"0,7423971377",2205,556,54,16163,15649,"0,7532749696",2690,622,51
2001,LIMOGES,3373,3342,"0,7923399162",2648,547,219,53,1246,1218,"0,802134647",354,85,7,1910,1850,"0,7810810811",350,65,10
2001,LYON,16224,16008,"0,8210269865",13143,2971,1088,214,5732,5592,"0,7904148784",1709,356,24,8288,8061,"0,7935739983",1373,289,16
2001,MARTINIQUE,2426,2383,"0,7536718422",1796,284,104,18,1155,1108,"0,6453068592",174,25,1,1770,1688,"0,6498815166",107,14,1
2001,MONTPELLIER,11851,11694,"0,7800581495",9122,1913,664,139,3576,3436,"0,7945285215",937,177,10,6242,6075,"0,8023045267",1093,192,21
2001,NANCY-METZ,12211,12046,"0,8041673585",9687,2193,802,185,4653,4570,"0,8159737418",1341,277,19,8250,8023,"0,7934687773",1516,357,32
2001,NANTES,17647,17485,"0,8384901344",14661,3460,1185,222,6372,6260,"0,8212460064",1994,445,26,9519,9357,"0,857326066",2205,464,39
2001,NICE,9852,9604,"0,8025822574",7708,1846,779,200,2750,2638,"0,7581501137",652,120,11,4395,4217,"0,7813611572",635,130,14
2001,ORLEANS-TOURS,12497,12333,"0,7985080678",9848,2275,932,192,3913,3813,"0,794649882",1086,233,13,6775,6618,"0,817920822",1406,282,38
2001,PARIS,15523,15375,"0,7721626016",11872,2989,1200,227,4138,3981,"0,7251946747",914,222,21,5036,4976,"0,7039790997",676,129,22
2001,POITIERS,8061,7963,"0,7985683788",6359,1357,422,86,2696,2635,"0,8060721063",757,132,10,4423,4343,"0,8275385678",826,128,9
2001,REIMS,6991,6891,"0,7823247714",5391,1157,413,115,2621,2559,"0,8151621727",755,139,7,3907,3824,"0,7902719665",707,134,12
2001,RENNES,15589,15424,"0,8561332988",13205,3116,932,157,5432,5282,"0,8599015524",1904,402,22,9822,9650,"0,8652849741",2135,413,28
2001,ROUEN,10142,9989,"0,7510261287",7502,1524,543,117,3984,3886,"0,7717447247",1011,246,37,6512,6395,"0,7321344801",805,114,6
2001,STRASBOURG,8286,8169,"0,8358428204",6828,1756,725,187,3290,3215,"0,7642301711",923,203,18,4581,4485,"0,8387959866",957,229,25
2001,TOULOUSE,13025,12820,"0,8134945398",10429,2330,831,154,3909,3816,"0,840932914",1303,244,20,6859,6678,"0,838424678",1363,320,24
2001,VERSAILLES,29673,29499,"0,7962642801",23489,5438,1816,299,8909,8589,"0,7111421586",1965,382,30,16924,16796,"0,750119076",2507,511,45
2002,AIX-MARSEILLE,14760,14522,"0,7941054951",11532,2691,1078,215,5420,5247,"0,7796836287",1492,496,47,7753,7518,"0,7688214951",1341,266,22
2002,AMIENS,9563,9429,"0,7472690635",7046,1534,566,116,3640,3533,"0,7531842627",909,230,18,6087,5881,"0,706682537",823,156,29
2002,BESANCON,5864,5797,"0,8067966189",4677,1138,395,84,2147,2087,"0,7934834691",598,134,7,3544,3468,"0,7941176471",647,134,15
2002,BORDEAUX,14338,14139,"0,8062805007",11400,2340,712,116,5235,5102,"0,8020384163",1529,383,29,7341,7165,"0,7866015352",1196,232,12
2002,CAEN,7657,7571,"0,7886672831",5971,1187,380,63,2804,2743,"0,8067808968",828,148,13,3984,3915,"0,7872286079",712,132,5
2002,CLERMONT-FERRAND,6629,6566,"0,8228754188",5403,1294,467,107,2271,2223,"0,8250112461",728,181,12,3197,3134,"0,8069559668",530,88,4
2002,CORSE,1266,1238,"0,7932148627",982,178,82,15,346,325,"0,7323076923",76,17,2,719,691,"0,7785817656",95,21,3
2002,CRETEIL,20466,19884,"0,7196741098",14310,2793,808,140,7812,7471,"0,6731361264",1422,281,8,13685,13127,"0,6773824941",1179,171,13
2002,DIJON,7928,7842,"0,8333333333",6535,1600,630,107,2519,2474,"0,7748585287",689,137,10,4479,4395,"0,8136518771",815,200,19
2002,GRENOBLE,15971,15772,"0,8584199848",13539,3507,1372,317,4687,4580,"0,8115720524",1413,296,20,8388,8207,"0,8426952601",1626,363,38
2002,GUADELOUPE,2792,2769,"0,7685084868",2128,358,100,11,1289,1246,"0,6123595506",132,14,0,1580,1536,"0,7005208333",93,11,1
2002,GUYANE,767,742,"0,6873315364",510,89,34,6,355,339,"0,5398230088",39,6,0,468,447,"0,5615212528",30,1,0
2002,LA REUNION,4535,4477,"0,7781996873",3484,707,263,90,1590,1536,"0,666015625",270,53,0,2848,2767,"0,7376219733",365,74,10
2002,LILLE,22828,22521,"0,7873540251",17732,4070,1923,592,9552,9317,"0,7470215735",2222,625,71,15630,15132,"0,7289849326",2249,523,56
2002,LIMOGES,3252,3214,"0,7940261357",2552,552,206,52,1272,1250,"0,7992",368,107,5,1958,1920,"0,7666666667",313,72,4
2002,LYON,15843,15699,"0,8226638639",12915,3037,1116,179,5860,5717,"0,7843274445",1699,434,35,8082,7925,"0,7788012618",1364,233,27
2002,MARTINIQUE,2435,2389,"0,7341984094",1754,266,103,20,1197,1144,"0,6206293706",121,16,0,1782,1710,"0,6602339181",108,12,0
2002,MONTPELLIER,11806,11655,"0,7987129987",9309,2065,750,171,3587,3451,"0,7751376413",929,185,13,6183,6004,"0,7953031312",1050,191,13
2002,NANCY-METZ,11937,11765,"0,8043348916",9463,2301,890,218,4740,4663,"0,7992708557",1380,311,18,7759,7538,"0,772088087",1424,349,36
2002,NANTES,17157,17008,"0,8357831609",14215,3387,1123,203,6406,6253,"0,799456261",1966,458,33,9119,8971,"0,8511871586",1925,417,34
2002,NICE,9807,9613,"0,8000624155",7691,1906,717,186,2967,2836,"0,7764456982",778,173,20,4456,4315,"0,7534183082",641,136,18
2002,ORLEANS-TOURS,12495,12356,"0,8036581418",9930,2461,963,211,3966,3850,"0,7846753247",1160,252,13,6538,6407,"0,7963165288",1298,315,18
2002,PARIS,15486,15087,"0,7929343143",11963,3032,1175,233,4221,4055,"0,6902589396",939,224,12,4852,4617,"0,7392246047",602,109,15
2002,POITIERS,7913,7857,"0,8055237368",6329,1379,456,103,2689,2626,"0,8225437928",862,166,5,4409,4336,"0,8221863469",785,138,16
2002,REIMS,6909,6848,"0,7824182243",5358,1144,413,107,2567,2504,"0,803514377",806,128,11,3870,3796,"0,7658061117",587,119,13
2002,RENNES,15221,15073,"0,8562993432",12907,3033,895,140,5517,5383,"0,8625301876",1949,490,33,9330,9168,"0,8419502618",1852,316,19
2002,ROUEN,9872,9746,"0,7587728299",7395,1570,486,102,4145,4034,"0,754090233",1152,296,36,6520,6355,"0,7239968529",787,131,7
2002,STRASBOURG,8294,8182,"0,8513810804",6966,1765,789,154,3253,3167,"0,7691821913",925,228,10,4437,4346,"0,8138518178",883,181,15
2002,TOULOUSE,12771,12582,"0,839055794",10557,2503,910,158,4102,3979,"0,8240764011",1343,342,23,6733,6555,"0,8195270786",1255,250,20
2002,VERSAILLES,29747,29205,"0,8094161959",23639,5479,1832,344,9541,9213,"0,704765006",2189,463,28,16782,16169,"0,7338734616",1941,363,28
2003,AIX-MARSEILLE,14484,14309,"0,8351387239",11950,2995,1267,401,5099,4888,"0,7481587561",1234,329,55,7827,7622,"0,765940698",1322,268,21
2003,AMIENS,9397,9292,"0,7961687473",7398,1689,723,251,3519,3415,"0,7590043924",880,217,15,6267,6051,"0,6817055032",690,152,26
2003,BESANCON,5790,5750,"0,8535652174",4908,1244,558,161,2139,2078,"0,7795957652",579,127,2,3380,3311,"0,7716701903",601,132,16
2003,BORDEAUX,14584,14426,"0,8536669902",12315,2898,1101,264,4916,4759,"0,7709602858",1324,267,13,7325,7098,"0,808678501",1249,253,32
2003,CAEN,7485,7408,"0,8093952484",5996,1358,480,116,2774,2714,"0,7943994105",787,144,8,3841,3753,"0,7988276046",617,115,9
2003,CLERMONT-FERRAND,6353,6304,"0,8537436548",5382,1420,640,225,2144,2100,"0,8071428571",639,150,17,3279,3224,"0,7977667494",514,90,16
2003,CORSE,1324,1296,"0,8387345679",1087,223,115,39,298,282,"0,7234042553",66,16,1,734,709,"0,7235543018",67,18,3
2003,CRETEIL,20494,20008,"0,7653938425",15314,3131,1137,231,7712,7370,"0,6270013569",1236,194,7,14493,13881,"0,6732223903",1388,259,33
2003,DIJON,7622,7549,"0,8581269042",6478,1596,694,178,2626,2578,"0,7897595035",767,127,7,4362,4264,"0,7924484053",741,199,18
2003,GRENOBLE,16040,15849,"0,8811281469",13965,3786,1635,466,4782,4657,"0,8103929568",1409,370,24,8374,8170,"0,8483476132",1799,419,29
2003,GUADELOUPE,2541,2511,"0,7666268419",1925,327,137,38,1450,1405,"0,7316725979",257,32,1,1681,1625,"0,6916923077",132,17,0
2003,GUYANE,655,644,"0,6770186335",436,79,21,4,369,358,"0,6787709497",64,12,1,481,467,"0,625267666",36,4,1
2003,LA REUNION,4500,4456,"0,8687163375",3871,968,464,169,1628,1592,"0,8059045226",411,107,5,2812,2761,"0,7892068091",452,118,19
2003,LILLE,22483,22272,"0,8020384339",17863,4132,1939,777,9467,9243,"0,7329871254",2220,508,48,15629,15215,"0,7410450214",2379,609,79
2003,LIMOGES,3264,3240,"0,8194444444",2655,591,275,93,1186,1149,"0,7841601393",316,100,8,1879,1835,"0,7727520436",314,64,10
2003,LYON,15933,15787,"0,8598847153",13575,3324,1308,282,5723,5556,"0,7786177106",1565,354,17,8016,7804,"0,7930548437",1307,306,27
2003,MARTINIQUE,2485,2457,"0,8074888075",1984,388,141,53,1285,1211,"0,6796036334",220,30,2,1837,1757,"0,6989186113",123,14,1
2003,MONTPELLIER,11848,11698,"0,8285176953",9692,2419,933,307,3729,3596,"0,7594549499",963,192,12,6190,6025,"0,7950207469",1100,202,25
2003,NANCY-METZ,11829,11674,"0,8469247901",9887,2506,1158,357,4814,4708,"0,7912064571",1325,336,24,7791,7591,"0,7645896456",1323,308,36
2003,NANTES,17347,17226,"0,8801230698",15161,3988,1560,418,6379,6215,"0,7736122285",1785,363,27,8916,8765,"0,8309184256",1787,441,53
2003,NICE,9907,9788,"0,826726604",8092,2057,978,370,2917,2733,"0,7808269301",716,148,8,4499,4369,"0,7706569009",677,143,20
2003,ORLEANS-TOURS,12328,12226,"0,8232455423",10065,2507,1028,298,3858,3740,"0,7628342246",1014,215,13,6785,6643,"0,7785639019",1194,263,30
2003,PARIS,15409,15031,"0,8228993414",12369,3179,1476,360,3830,3691,"0,6664860471",788,133,13,4997,4794,"0,7106800167",576,122,25
2003,POITIERS,7710,7645,"0,8400261609",6422,1597,530,133,2672,2578,"0,8072148953",754,164,12,4461,4355,"0,8119402985",770,156,16
2003,REIMS,6846,6785,"0,8200442152",5564,1360,609,205,2657,2596,"0,7708012327",694,136,9,3834,3765,"0,7909694555",702,136,8
2003,RENNES,15536,15401,"0,8942925784",13773,3659,1365,336,5303,5128,"0,8383385335",1650,400,30,9492,9289,"0,8512218753",1868,355,22
2003,ROUEN,9633,9528,"0,7895675903",7523,1685,646,196,4088,3973,"0,7586206897",975,267,27,6411,6254,"0,6818036457",658,92,12
2003,STRASBOURG,8241,8157,"0,8761799681",7147,1932,921,272,3414,3324,"0,7966305656",970,231,20,4611,4522,"0,8210968598",963,247,34
2003,TOULOUSE,12600,12456,"0,8669717405",10799,2749,1189,345,4251,4112,"0,8156614786",1253,339,23,7048,6857,"0,8207670993",1327,335,40
2003,VERSAILLES,30015,29536,"0,8375880282",24739,5947,2462,570,9307,8982,"0,6843687375",1976,330,24,17192,16491,"0,733915469",2179,452,61
2004,AIX-MARSEILLE,14564,14365,"0,8042464323",11553,2795,1138,374,5576,5354,"0,7534553605",1408,372,35,7826,7574,"0,765909691",1291,270,20
2004,AMIENS,9065,8952,"0,7834003575",7013,1657,636,229,3645,3576,"0,7648210291",948,203,20,6316,6112,"0,7043520942",906,198,21
2004,BESANCON,5615,5580,"0,8534050179",4762,1202,569,196,2217,2174,"0,7916283349",609,114,4,3509,3415,"0,8035139092",674,170,16
2004,BORDEAUX,14399,14216,"0,8372960045",11903,2905,1006,240,4980,4866,"0,8253185368",1536,324,39,7162,6989,"0,8085563028",1227,263,19
2004,CAEN,7268,7203,"0,8192419825",5901,1364,583,163,2738,2685,"0,8271880819",831,164,8,3838,3747,"0,8211902856",776,170,16
2004,CLERMONT-FERRAND,6220,6168,"0,8482490272",5232,1345,580,183,2053,2015,"0,8277915633",638,168,9,3093,3030,"0,803630363",631,130,11
2004,CORSE,1354,1318,"0,8019726859",1057,206,99,43,323,300,"0,7266666667",68,12,1,754,714,"0,7198879552",74,23,2
2004,CRETEIL,20501,20006,"0,7605718285",15216,3248,1275,317,7937,7592,"0,6322444679",1267,184,7,14988,14381,"0,6669911689",1482,313,41
2004,DIJON,7697,7628,"0,8422915574",6425,1624,704,243,2512,2471,"0,8008903278",730,134,12,4433,4336,"0,8101937269",877,193,19
2004,GRENOBLE,15993,15808,"0,8742408907",13820,3777,1844,529,4784,4661,"0,8363012229",1564,309,24,8667,8417,"0,848758465",1847,468,30
2004,GUADELOUPE,2617,2600,"0,7473076923",1943,302,120,37,1373,1304,"0,6771472393",222,27,1,1685,1657,"0,6704888352",99,15,2
2004,GUYANE,721,707,"0,7213578501",510,113,30,10,418,397,"0,5919395466",59,8,0,490,470,"0,6531914894",46,8,1
2004,LA REUNION,4355,4297,"0,7803118455",3353,736,323,117,1541,1499,"0,7658438959",325,74,5,2830,2727,"0,7546754675",417,112,9
2004,LILLE,22347,22126,"0,7980656242",17658,4097,1937,805,9642,9405,"0,7341839447",2290,532,41,15075,14643,"0,7425390972",2366,599,75
2004,LIMOGES,3103,3073,"0,8018223235",2464,555,270,70,1148,1115,"0,8143497758",319,99,10,1853,1815,"0,8060606061",364,101,8
2004,LYON,15528,15392,"0,841281185",12949,3216,1466,426,5777,5634,"0,777600284",1580,327,27,8063,7880,"0,8101522843",1574,396,49
2004,MARTINIQUE,2291,2249,"0,7856825256",1767,332,114,20,1250,1167,"0,6229648672",193,19,3,1785,1730,"0,6317919075",103,14,1
2004,MONTPELLIER,11663,11498,"0,8096190642",9309,2233,912,293,3719,3581,"0,8042446244",967,170,10,6257,6063,"0,7869041729",1109,279,28
2004,NANCY-METZ,11658,11535,"0,8321629822",9599,2416,1035,361,4699,4604,"0,8171155517",1463,321,15,7870,7668,"0,7867762128",1378,355,37
2004,NANTES,17151,17026,"0,8698461177",14810,3918,1637,505,6249,6079,"0,8078631354",1806,341,14,8937,8786,"0,8438424767",1814,534,55
2004,NICE,10249,10072,"0,8097696585",8156,2005,942,361,2972,2869,"0,7793656326",793,149,6,4407,4214,"0,766967252",650,135,15
2004,ORLEANS-TOURS,11998,11875,"0,8099368421",9618,2327,1059,333,3845,3726,"0,7839506173",1021,269,14,6614,6487,"0,7975951904",1350,277,23
2004,PARIS,14911,14537,"0,8177753319",11888,3167,1675,460,3995,3850,"0,6828571429",840,197,20,5014,4810,"0,6912681913",588,134,20
2004,POITIERS,7620,7566,"0,8371662702",6334,1472,627,152,2614,2556,"0,813771518",803,133,6,4284,4209,"0,8158707531",818,148,10
2004,REIMS,6758,6713,"0,8006852376",5375,1324,532,163,2715,2654,"0,7792012057",732,115,5,3844,3765,"0,7604249668",595,120,14
2004,RENNES,15631,15514,"0,8791414207",13639,3640,1409,396,5352,5191,"0,8483914467",1862,403,22,9348,9191,"0,8617125449",2138,418,23
2004,ROUEN,9421,9303,"0,7855530474",7308,1592,655,193,4319,4174,"0,7910876857",1126,285,16,6682,6496,"0,7033559113",769,141,20
2004,STRASBOURG,8051,7970,"0,8681304893",6919,1847,932,314,3375,3302,"0,8055723804",1007,233,8,4554,4460,"0,8434977578",979,298,18
2004,TOULOUSE,12458,12323,"0,8581514242",10575,2619,1206,326,4158,4019,"0,81662105",1283,300,22,7044,6869,"0,8245741738",1387,304,38
2004,VERSAILLES,29478,28999,"0,8304079451",24081,6163,2735,661,9475,9073,"0,6892979169",1976,438,46,17254,16600,"0,711626506",2106,528,63
2005,AIX-MARSEILLE,14880,14671,"0,8231886034",12077,2962,1179,341,5621,5423,"0,7055135534",1242,342,51,7974,7769,"0,7612305316",1319,313,32
2005,AMIENS,9203,9127,"0,8021255615",7321,1736,702,287,3713,3655,"0,7316005472",909,185,21,6133,5945,"0,7084945332",865,217,27
2005,BESANCON,5640,5584,"0,8621060172",4814,1284,536,177,2267,2215,"0,7805869074",651,116,1,3223,3150,"0,7996825397",640,150,21
2005,BORDEAUX,14782,14619,"0,8475955948",12391,2958,1140,315,4975,4895,"0,8010214505",1420,285,21,7018,6851,"0,8090789666",1179,260,21
2005,CAEN,7164,7111,"0,8377162143",5957,1359,568,181,2792,2744,"0,7831632653",781,149,9,3726,3642,"0,8163097199",734,146,17
2005,CLERMONT-FERRAND,6265,6207,"0,8553246335",5309,1434,606,220,2173,2125,"0,8089411765",704,162,4,3094,3026,"0,8000660939",584,135,10
2005,CORSE,1364,1337,"0,818249813",1094,219,101,58,316,294,"0,7585034014",61,15,0,765,742,"0,7129380054",79,21,3
2005,CRETEIL,21009,20557,"0,7769616189",15972,3574,1330,357,8103,7736,"0,5988883144",1163,179,10,15141,14468,"0,6665745093",1571,361,36
2005,DIJON,7780,7715,"0,8558651977",6603,1640,782,222,2640,2589,"0,7775202781",677,119,4,4316,4230,"0,7853427896",778,191,21
2005,GRENOBLE,16245,16082,"0,8942917548",14382,4182,1836,620,5042,4933,"0,8282992094",1513,402,26,8307,8104,"0,8400789733",1846,508,50
2005,GUADELOUPE,2692,2657,"0,7384267971",1962,358,133,38,1507,1461,"0,6707734428",265,29,1,1669,1631,"0,7032495402",118,19,0
2005,GUYANE,658,646,"0,73374613",474,68,35,3,469,438,"0,6278538813",73,10,0,552,527,"0,569259962",39,8,1
2005,LA REUNION,4593,4544,"0,8074383803",3669,829,387,171,1685,1652,"0,7167070218",308,72,6,2853,2764,"0,765195369",464,107,17
2005,LILLE,22486,22265,"0,8013474062",17842,4113,1960,762,9499,9242,"0,7155377624",2037,451,33,14600,14194,"0,731435818",2220,591,101
2005,LIMOGES,3309,3276,"0,82997558",2719,712,268,106,1198,1172,"0,7687713311",330,85,10,1833,1794,"0,7965440357",330,97,14
2005,LYON,15784,15650,"0,858658147",13438,3513,1410,386,5907,5769,"0,7606170914",1571,369,28,7997,7796,"0,7948948179",1412,331,44
2005,MARTINIQUE,2286,2244,"0,7820855615",1755,334,128,48,1340,1278,"0,6025039124",157,20,1,1962,1894,"0,6129883844",99,5,1
2005,MONTPELLIER,12160,12009,"0,8188025647",9833,2318,933,353,3841,3713,"0,7576084029",831,169,11,6366,6169,"0,795104555",1111,242,30
2005,NANCY-METZ,11702,11616,"0,8553719008",9936,2624,1197,397,4899,4811,"0,8029515693",1412,305,20,7651,7498,"0,754601227",1363,334,36
2005,NANTES,17585,17450,"0,8813180516",15379,4045,1584,436,6349,6190,"0,782552504",1771,402,19,8933,8755,"0,8344945745",1882,512,73
2005,NICE,10460,10261,"0,8430952149",8651,2316,1094,410,3144,3007,"0,7203192551",681,124,11,4671,4467,"0,7320349228",632,161,20
2005,ORLEANS-TOURS,12572,12454,"0,8479203469",10560,2791,1173,415,3990,3916,"0,7543411645",1066,205,17,6489,6373,"0,7578848266",1113,266,22
2005,PARIS,15338,14981,"0,8328549496",12477,3428,1698,462,4062,3878,"0,6560082517",820,182,20,5303,5075,"0,7133004926",684,183,26
2005,POITIERS,7816,7755,"0,8477111541",6574,1613,579,175,2579,2516,"0,7909379968",716,116,6,4298,4211,"0,7950605557",730,134,13
2005,REIMS,6966,6904,"0,8046060255",5555,1348,557,182,2782,2747,"0,7728431016",725,120,7,3924,3857,"0,7806585429",705,161,20
2005,RENNES,16214,16122,"0,8936856469",14408,3739,1548,429,5506,5346,"0,8490460157",1788,444,31,9247,9097,"0,8386281192",1966,387,26
2005,ROUEN,9478,9389,"0,8153157951",7655,1747,721,237,4309,4162,"0,7340221048",979,221,18,6602,6421,"0,6953745523",745,160,13
2005,STRASBOURG,8491,8418,"0,8850083155",7450,2124,1027,357,3381,3311,"0,7822410148",980,247,20,4418,4327,"0,8366073492",951,266,36
2005,TOULOUSE,12680,12575,"0,8720477137",10966,2865,1240,424,4386,4262,"0,7925856405",1289,321,21,6709,6561,"0,8090230148",1366,294,33
2005,VERSAILLES,30455,29941,"0,8446277679",25289,6519,2764,780,9665,9286,"0,66594874",1834,335,19,17626,16902,"0,7179623713",2374,570,75
2006,AIX-MARSEILLE,15026,14818,"0,8482926171",12570,3438,1549,503,6064,5859,"0,7591739205",1542,414,56,7699,7466,"0,7744441468",1224,271,22
2006,AMIENS,9268,9138,"0,8305975049",7590,2000,938,415,3931,3827,"0,771622681",1016,326,26,6000,5795,"0,7270060397",928,218,31
2006,BESANCON,5604,5548,"0,8722062004",4839,1355,660,249,2273,2232,"0,8095878136",681,149,9,3213,3152,"0,7741116751",539,142,17
2006,BORDEAUX,15064,14851,"0,8762372904",13013,3487,1449,418,5406,5311,"0,8149124459",1586,318,33,6916,6778,"0,8005311301",1057,217,19
2006,CAEN,7103,7037,"0,8543413386",6012,1466,678,212,2998,2940,"0,8360544218",923,217,18,3594,3528,"0,8010204082",599,113,10
2006,CLERMONT-FERRAND,6281,6216,"0,8677606178",5394,1544,691,241,2328,2298,"0,7937336815",666,168,8,2942,2884,"0,8075589459",486,92,7
2006,CORSE,1385,1349,"0,8880652335",1198,239,137,79,303,282,"0,7517730496",69,9,1,752,715,"0,7706293706",71,18,4
2006,CRETEIL,21599,21079,"0,808577257",17044,4301,1856,593,8656,8226,"0,6532944323",1471,230,21,15133,14429,"0,6780095641",1410,333,34
2006,DIJON,7792,7716,"0,8897096941",6865,1934,934,350,2800,2756,"0,820754717",810,175,14,4481,4341,"0,794747754",758,163,19
2006,GRENOBLE,16771,16584,"0,9097322721",15087,4643,2412,854,5027,4912,"0,8035423453",1505,365,21,8258,8045,"0,8372902424",1745,414,45
2006,GUADELOUPE,2711,2666,"0,756564141",2017,398,130,29,1450,1400,"0,7307142857",293,47,2,1684,1616,"0,7159653465",113,19,3
2006,GUYANE,783,769,"0,7503250975",577,118,38,13,471,441,"0,6553287982",74,10,0,609,591,"0,6379018613",53,6,0
2006,LA REUNION,4490,4439,"0,8256364046",3665,862,480,253,1765,1724,"0,7662412993",401,90,5,2795,2726,"0,7868672047",474,125,21
2006,LILLE,21928,21695,"0,8365982945",18150,4566,2505,1222,9840,9616,"0,7367928453",2262,493,45,14361,13984,"0,751930778",2285,628,118
2006,LIMOGES,3182,3140,"0,8837579618",2775,757,389,154,1234,1209,"0,8163771712",366,118,10,1832,1793,"0,807585053",346,88,17
2006,LYON,16126,15973,"0,8785450448",14033,4214,1973,646,5964,5806,"0,7828108853",1649,356,17,7795,7613,"0,8174175752",1520,358,35
2006,MARTINIQUE,2341,2313,"0,7833981842",1812,368,126,39,1491,1415,"0,6155477032",244,41,2,2018,1931,"0,6561367167",113,11,0
2006,MONTPELLIER,12510,12348,"0,8513929381",10513,2688,1370,496,4202,4008,"0,7664670659",1014,222,25,6310,6108,"0,7753765553",978,220,32
2006,NANCY-METZ,11685,11579,"0,8828914414",10223,2897,1542,612,5130,5036,"0,8105639396",1520,367,23,7460,7300,"0,7771232877",1368,362,38
2006,NANTES,17767,17645,"0,906205724",15990,4766,2312,808,6438,6254,"0,7852574352",1898,393,27,8690,8564,"0,8424801495",1857,436,44
2006,NICE,10504,10302,"0,8644923316",8906,2511,1384,537,3277,3151,"0,7699143129",776,121,14,4712,4501,"0,7471672962",682,135,11
2006,ORLEANS-TOURS,12214,12097,"0,8552533686",10346,2863,1392,522,4084,3994,"0,7801702554",1085,249,17,6727,6561,"0,7843316568",1156,273,27
2006,PARIS,15485,15115,"0,868805822",13132,3740,2234,858,4111,3961,"0,7286038879",979,202,12,5065,4854,"0,7418623815",711,185,25
2006,POITIERS,7771,7705,"0,8709928618",6711,1805,774,261,2764,2711,"0,8292143121",887,217,17,4247,4155,"0,8064981949",695,137,10
2006,REIMS,6878,6820,"0,8340175953",5688,1527,691,259,2921,2866,"0,770760642",743,141,11,3782,3710,"0,7733153639",641,139,10
2006,RENNES,16335,16220,"0,9083847102",14734,4246,1798,570,5536,5423,"0,8532177761",1935,470,44,9170,9058,"0,8537204681",1930,378,37
2006,ROUEN,9179,9107,"0,8473701548",7717,2055,953,382,4268,4159,"0,7708583794",1084,271,27,6374,6195,"0,7092816788",766,150,18
2006,STRASBOURG,8690,8621,"0,901055562",7768,2372,1271,466,3717,3656,"0,8386214442",1284,298,29,4668,4586,"0,8288268644",908,250,26
2006,TOULOUSE,13051,12884,"0,8933561006",11510,3304,1656,588,4634,4509,"0,8063872255",1445,393,40,6681,6490,"0,8036979969",1100,256,28
2006,VERSAILLES,31405,30900,"0,8708414239",26909,7779,3838,1237,10266,9816,"0,722799511",2337,454,29,17052,16361,"0,7490373449",2210,514,73
2007,AIX-MARSEILLE,14810,14635,"0,864502904",12652,3446,1678,618,6084,5902,"0,7780413419",1599,623,80,7344,7126,"0,8003087286",1381,290,32
2007,AMIENS,8921,8844,"0,8400045228",7429,1937,887,425,3857,3791,"0,768662622",1050,279,26,5554,5424,"0,7352507375",904,228,37
2007,BESANCON,5580,5528,"0,8863965268",4900,1398,693,316,2212,2175,"0,8091954023",678,160,11,3011,2956,"0,7960081191",550,132,13
2007,BORDEAUX,14755,14589,"0,8846391117",12906,3573,1673,605,5375,5296,"0,8355362538",1775,430,35,6709,6568,"0,8565773447",1326,263,17
2007,CAEN,7291,7234,"0,8746198507",6327,1719,863,336,2752,2713,"0,8466642094",930,220,15,3513,3431,"0,828329933",693,169,14
2007,CLERMONT-FERRAND,6020,5950,"0,8825210084",5251,1523,735,307,2247,2203,"0,7893781207",667,179,17,2778,2724,"0,8046989721",480,105,8
2007,CORSE,1318,1295,"0,8810810811",1141,262,144,68,297,278,"0,6726618705",63,21,2,742,708,"0,656779661",73,18,1
2007,CRETEIL,21316,20767,"0,8180286031",16988,4383,1972,703,8782,8416,"0,6715779468",1690,346,20,14006,13302,"0,7001954593",1645,342,27
2007,DIJON,7442,7384,"0,8961267606",6617,1921,968,366,2722,2676,"0,8090433483",831,165,11,4004,3922,"0,8176950535",827,174,30
2007,GRENOBLE,16687,16529,"0,9183858673",15180,4603,2507,1041,4864,4744,"0,8486509275",1613,411,37,7997,7784,"0,8621531346",1768,433,71
2007,GUADELOUPE,2847,2813,"0,8151439744",2293,447,207,61,1361,1292,"0,7306501548",236,29,2,1677,1624,"0,724137931",147,30,4
2007,GUYANE,791,777,"0,7181467181",558,119,42,22,448,432,"0,5833333333",38,6,1,563,550,"0,6363636364",42,5,1
2007,LA REUNION,4798,4729,"0,8405582576",3975,933,548,258,1788,1736,"0,7557603687",451,80,7,2822,2741,"0,7978839839",510,114,20
2007,LILLE,21063,20841,"0,8542296435",17803,4493,2568,1397,9614,9420,"0,7502123142",2366,600,56,13195,12826,"0,7721035397",2325,599,85
2007,LIMOGES,3084,3065,"0,875040783",2682,718,367,188,1098,1077,"0,8077994429",334,103,17,1756,1716,"0,7645687646",271,72,10
2007,LYON,15860,15730,"0,8956770502",14089,4123,2187,793,5963,5803,"0,8026882647",1746,478,39,7301,7174,"0,8194870365",1414,349,49
2007,MARTINIQUE,2373,2330,"0,8180257511",1906,407,175,78,1506,1451,"0,61130255",222,33,1,1865,1806,"0,6926910299",125,35,1
2007,MONTPELLIER,12033,11877,"0,8619179928",10237,2778,1369,586,4144,3997,"0,7803352514",1046,293,29,6314,6118,"0,7535142203",854,201,31
2007,NANCY-METZ,11245,11161,"0,8912283846",9947,2880,1583,648,5151,5051,"0,8073648782",1546,431,27,6977,6822,"0,8073878628",1396,358,47
2007,NANTES,17124,16992,"0,911252354",15484,4609,2354,951,6449,6280,"0,827388535",2120,505,33,8252,8116,"0,8847954657",1988,483,55
2007,NICE,10268,10087,"0,8689402201",8765,2449,1353,631,3249,3122,"0,7748238309",868,213,18,4424,4271,"0,7932568485",754,132,15
2007,ORLEANS-TOURS,12216,12097,"0,8706290816",10532,2951,1551,653,4154,4077,"0,7927397596",1225,284,12,6252,6115,"0,813736713",1239,265,33
2007,PARIS,15220,14853,"0,8829192756",13114,3805,2433,1049,4236,4082,"0,7209701127",1022,293,26,4681,4470,"0,7597315436",751,208,37
2007,POITIERS,7580,7514,"0,8766302901",6587,1755,791,296,2721,2664,"0,8145645646",867,198,15,3941,3871,"0,7943683803",648,125,14
2007,REIMS,6790,6741,"0,8397863818",5661,1478,762,317,2918,2871,"0,7753396029",789,156,7,3619,3561,"0,7795563044",672,135,10
2007,RENNES,15882,15809,"0,9156176861",14475,4520,2035,721,5472,5378,"0,8642618074",1948,607,53,8754,8647,"0,8616861339",2067,387,40
2007,ROUEN,9077,8978,"0,8599910893",7721,2095,1035,492,4208,4127,"0,7712624182",1164,318,35,5925,5750,"0,760173913",844,188,21
2007,STRASBOURG,8687,8603,"0,9156108334",7877,2368,1330,568,3500,3425,"0,8262773723",1144,336,27,4665,4573,"0,8506450908",1061,318,39
2007,TOULOUSE,12912,12731,"0,9009504359",11470,3324,1740,703,4466,4339,"0,8160866559",1422,443,40,6504,6329,"0,8235108232",1184,232,27
2007,VERSAILLES,31273,30750,"0,8834471545",27166,7766,4161,1563,10504,10109,"0,7587298447",2677,607,45,15257,14661,"0,7886910852",2607,558,77
2008,AIX-MARSEILLE,14574,14403,"0,8658612789",12471,3407,1799,672,5713,5542,"0,7300613497",1418,285,27,7479,7285,"0,8145504461",1527,341,53
2008,AMIENS,8700,8617,"0,8367181154",7210,1800,928,446,3734,3677,"0,7712809355",997,206,19,5509,5358,"0,7465472191",876,243,49
2008,BESANCON,5363,5312,"0,8966490964",4763,1359,735,316,2153,2119,"0,7786691836",578,149,10,2889,2830,"0,8519434629",681,166,26
2008,BORDEAUX,14775,14580,"0,8910150892",12991,3578,1786,660,5419,5339,"0,8031466567",1534,349,24,6532,6397,"0,8605596373",1384,299,32
2008,CAEN,7017,6958,"0,8745329118",6085,1588,789,327,2682,2631,"0,8156594451",795,169,16,3421,3328,"0,8353365385",643,159,13
2008,CLERMONT-FERRAND,5852,5796,"0,8923395445",5172,1439,796,333,2353,2311,"0,793595846",681,180,13,2783,2722,"0,8063923586",503,138,10
2008,CORSE,1359,1340,"0,8664179104",1161,259,138,90,320,307,"0,6938110749",76,12,0,813,785,"0,7324840764",86,16,3
2008,CRETEIL,21426,20887,"0,8069612678",16855,4140,2021,778,8526,8194,"0,671466927",1501,306,18,14078,13376,"0,7161333732",1740,340,49
2008,DIJON,7438,7380,"0,9009485095",6649,1880,1019,448,2775,2714,"0,8161385409",819,184,8,3884,3802,"0,834823777",879,233,29
2008,GRENOBLE,16100,15961,"0,9270095859",14796,4566,2545,1065,4874,4783,"0,8020071085",1320,356,19,7875,7693,"0,8564929156",1833,530,55
2008,GUADELOUPE,2807,2776,"0,8541066282",2371,513,219,73,1428,1371,"0,7629467542",309,51,6,1735,1707,"0,7322788518",133,35,3
2008,GUYANE,828,814,"0,7518427518",612,149,52,17,505,482,"0,6659751037",62,6,1,635,618,"0,6067961165",39,10,2
2008,LA REUNION,4765,4724,"0,8738357324",4128,1026,559,307,1901,1871,"0,7156600748",366,75,5,2805,2755,"0,7738656987",398,96,16
2008,LILLE,20340,20123,"0,856631715",17238,4156,2759,1490,9153,8950,"0,7479329609",2211,545,80,12516,12196,"0,7842735323",2231,632,90
2008,LIMOGES,3113,3076,"0,8813394018",2711,744,357,156,1233,1217,"0,7937551356",340,132,13,1790,1749,"0,7793024585",325,80,9
2008,LYON,15681,15533,"0,8937101655",13882,4048,2164,813,5825,5685,"0,7722075638",1552,355,37,7388,7228,"0,8456004427",1513,377,43
2008,MARTINIQUE,2362,2328,"0,800257732",1863,377,194,76,1505,1440,"0,6423611111",232,36,1,1864,1795,"0,6679665738",116,17,1
2008,MONTPELLIER,11769,11621,"0,8605971947",10001,2729,1407,607,4097,3953,"0,7672653681",1073,254,29,6525,6326,"0,7973442934",1244,258,41
2008,NANCY-METZ,11008,10928,"0,8908308931",9735,2755,1461,710,5177,5078,"0,7871209137",1387,399,27,6765,6627,"0,805945375",1399,373,56
2008,NANTES,17135,17018,"0,9160888471",15590,4537,2344,921,6400,6249,"0,7945271243",1924,420,38,8054,7948,"0,8775792652",1961,478,38
2008,NICE,10344,10201,"0,8721693952",8897,2439,1410,674,3386,3261,"0,7476234284",800,151,17,4424,4271,"0,7927885741",729,162,19
2008,ORLEANS-TOURS,12170,12058,"0,8781721679",10589,2997,1605,739,4056,3952,"0,7747975709",1037,208,15,5934,5831,"0,8072371806",1239,283,36
2008,PARIS,15201,14817,"0,877640548",13004,3860,2401,1078,4353,4155,"0,7140794224",1000,226,16,4659,4435,"0,781059752",902,215,37
2008,POITIERS,7504,7450,"0,886442953",6604,1742,897,335,2764,2712,"0,810840708",856,238,13,3935,3864,"0,8203933747",719,165,15
2008,REIMS,6591,6529,"0,8503599326",5552,1526,825,436,2871,2823,"0,7484945094",675,140,8,3481,3416,"0,7617096019",642,141,15
2008,RENNES,15687,15588,"0,9127534001",14228,4213,1974,805,5509,5415,"0,8360110803",1783,432,34,8617,8512,"0,8667763158",1949,422,36
2008,ROUEN,9122,9048,"0,8767683466",7933,2110,1143,611,4168,4078,"0,7542913193",1027,280,21,5601,5443,"0,7776961235",984,209,30
2008,STRASBOURG,8780,8691,"0,9193418479",7990,2435,1510,739,3675,3597,"0,804559355",1146,312,27,4562,4484,"0,8490187333",1061,313,50
2008,TOULOUSE,12816,12683,"0,9058582354",11489,3195,1730,701,4536,4418,"0,8017202354",1271,322,26,6280,6151,"0,8401885872",1277,301,35
2008,VERSAILLES,31431,30897,"0,8780140467",27128,7495,4064,1652,10804,10412,"0,7351133308",2562,537,40,14755,14183,"0,7948247902",2542,619,80
2009,AIX-MARSEILLE,14603,14423,"0,8731193233",12593,3635,1855,835,5974,5801,"0,8279606964",1699,529,50,7263,7034,"0,7840489053",1209,282,40
2009,AMIENS,8782,8702,"0,8569294415",7457,1998,1071,482,3819,3750,"0,8736",1129,347,51,4996,4883,"0,7380708581",786,215,24
2009,BESANCON,5317,5280,"0,9003787879",4754,1376,786,405,2246,2216,"0,8957581227",771,246,22,2765,2725,"0,8377981651",633,182,16
2009,BORDEAUX,15230,15058,"0,9009164564",13566,3925,1936,734,5703,5613,"0,8972029218",1909,612,48,6564,6443,"0,8419990688",1228,269,30
2009,CAEN,7046,6998,"0,8881108888",6215,1868,864,389,2752,2696,"0,8909495549",951,329,21,3272,3192,"0,8339598997",612,136,16
2009,CLERMONT-FERRAND,5927,5862,"0,9116342545",5344,1569,912,394,2313,2277,"0,8581466842",721,233,19,2713,2668,"0,821964018",562,113,19
2009,CORSE,1376,1360,"0,8720588235",1186,248,166,89,395,363,"0,8347107438",96,35,5,666,648,"0,762345679",76,21,5
2009,CRETEIL,21918,21380,"0,8227782975",17591,4573,2396,936,8974,8633,"0,7876751998",2042,541,31,13463,12876,"0,6924510718",1469,307,41
2009,DIJON,7356,7299,"0,9053294972",6608,1879,1063,552,2855,2814,"0,9061833689",998,331,21,3835,3774,"0,8275039746",787,194,25
2009,GRENOBLE,16285,16160,"0,9288366337",15010,4769,2707,1230,5230,5102,"0,9002352019",1822,669,56,7837,7670,"0,8564537158",1614,349,52
2009,GUADELOUPE,2701,2674,"0,8534031414",2282,510,215,93,1424,1384,"0,8894508671",371,83,5,1639,1603,"0,7485963818",139,26,6
2009,GUYANE,971,958,"0,7286012526",698,140,59,22,520,483,"0,83436853",79,9,0,669,649,"0,5670261941",44,2,0
2009,LA REUNION,4479,4438,"0,8990536278",3990,1004,648,442,2065,2002,"0,8461538462",499,141,12,2950,2905,"0,791394148",449,112,13
2009,LILLE,20177,20005,"0,8723819045",17452,4540,2700,1791,9200,9040,"0,873119469",2842,900,109,11667,11393,"0,7643289739",1790,442,63
2009,LIMOGES,3084,3061,"0,8925187847",2732,779,418,208,1211,1192,"0,8909395973",424,142,15,1615,1564,"0,8030690537",338,81,9
2009,LYON,15997,15853,"0,8990096512",14252,4270,2297,919,6018,5832,"0,8849451303",1960,647,63,7104,6971,"0,8460766031",1545,390,63
2009,MARTINIQUE,2401,2367,"0,8158005915",1931,429,209,78,1542,1476,"0,8224932249",279,63,5,1780,1726,"0,7190034762",119,25,1
2009,MONTPELLIER,12070,11905,"0,8761864763",10431,2935,1664,836,4213,4134,"0,8841315917",1368,410,38,6340,6152,"0,8044538362",1192,268,37
2009,NANCY-METZ,11411,11344,"0,8980077574",10187,2945,1706,842,5078,4971,"0,9058539529",1693,586,70,6703,6608,"0,7996368039",1317,380,47
2009,NANTES,17139,17050,"0,9272727273",15810,4935,2709,1078,6500,6326,"0,8972494467",2315,738,76,7893,7793,"0,8796355704",1876,452,54
2009,NICE,10466,10318,"0,8846675712",9128,2638,1443,761,3549,3424,"0,8679906542",1115,324,32,4361,4242,"0,7920792079",763,168,18
2009,ORLEANS-TOURS,12280,12168,"0,8839579224",10756,3058,1704,866,4031,3928,"0,8648167006",1203,389,30,5843,5719,"0,8153523343",1215,283,39
2009,PARIS,15840,15453,"0,8855238465",13684,3929,2764,1339,4354,4194,"0,8340486409",1230,424,36,4519,4353,"0,7767057202",760,214,30
2009,POITIERS,7501,7434,"0,8973634652",6671,1923,981,420,2995,2933,"0,9011251279",1025,420,40,3628,3571,"0,8157378885",561,120,10
2009,REIMS,6420,6376,"0,8579046424",5470,1485,846,386,2840,2773,"0,8752253877",869,235,15,3412,3349,"0,807106599",638,154,11
2009,RENNES,15625,15522,"0,9314521325",14458,4625,2388,951,5746,5615,"0,9218165628",2086,764,76,8220,8107,"0,8521031208",1663,334,36
2009,ROUEN,9403,9288,"0,8872739018",8241,2214,1299,744,4150,4078,"0,894556155",1317,495,75,5237,5090,"0,8064833006",959,262,35
2009,STRASBOURG,8851,8761,"0,9232964273",8089,2456,1555,728,3786,3718,"0,8991393222",1230,459,44,4543,4449,"0,8413126545",1029,286,45
2009,TOULOUSE,13096,12972,"0,9085723096",11786,3538,1917,877,4705,4586,"0,9007849978",1631,529,51,6237,6083,"0,8393884596",1239,235,27
2009,VERSAILLES,32624,32107,"0,8842308531",28390,8206,4798,1933,11842,11466,"0,8323739752",3281,980,114,14491,13955,"0,7760659262",2189,463,91
2010,AIX-MARSEILLE,14495,14288,"0,8583426652",12264,3337,1688,715,5961,5803,"0,8226779252",1533,440,53,7195,7014,"0,7985457656",1512,391,52
2010,AMIENS,8824,8738,"0,8287937743",7242,1763,978,459,3648,3613,"0,8580127318",1058,304,35,5135,4979,"0,756577626",955,257,48
2010,BESANCON,5419,5383,"0,8816644993",4746,1276,720,331,2170,2148,"0,8775605214",672,172,7,2754,2714,"0,84082535",687,206,33
2010,BORDEAUX,14971,14810,"0,8752869683",12963,3380,1679,632,5686,5631,"0,8884745161",1811,564,45,6546,6410,"0,844773791",1426,352,40
2010,CAEN,7011,6935,"0,8697909156",6032,1547,799,355,2722,2687,"0,8846296985",888,243,25,3221,3157,"0,8637947418",747,155,20
2010,CLERMONT-FERRAND,5640,5577,"0,8884705039",4955,1402,721,331,2358,2318,"0,8606557377",789,213,18,2648,2599,"0,8372450943",607,143,23
2010,CORSE,1326,1309,"0,8815889992",1154,242,149,92,329,316,"0,8069620253",59,12,0,648,633,"0,794628752",85,27,4
2010,CRETEIL,21595,21019,"0,8130263095",17089,4168,2066,897,8541,8269,"0,7801427017",1904,429,36,13428,12821,"0,7404258638",2076,515,50
2010,DIJON,7292,7241,"0,8752934678",6338,1645,890,433,2867,2833,"0,8757500882",911,218,14,3694,3619,"0,8325504283",820,231,36
2010,GRENOBLE,16512,16348,"0,9245167605",15114,4426,2642,1238,5287,5206,"0,890703035",1849,533,43,7923,7725,"0,8709385113",1889,543,69
2010,GUADELOUPE,2725,2694,"0,8214550854",2213,477,222,100,1374,1340,"0,9007462687",434,95,4,1589,1555,"0,715755627",152,28,7
2010,GUYANE,1008,978,"0,7249488753",709,130,59,23,517,491,"0,784114053",67,6,0,743,716,"0,5265363128",39,10,0
2010,LA REUNION,4564,4529,"0,8710532126",3945,1024,580,430,2058,2011,"0,8960716062",517,129,17,2976,2926,"0,8205741627",525,139,21
2010,LILLE,19657,19467,"0,8592489855",16727,4211,2563,1630,9018,8852,"0,8553999096",2591,781,80,11348,11060,"0,8091320072",2256,695,104
2010,LIMOGES,3060,3041,"0,8776718185",2669,735,379,172,1266,1248,"0,8693910256",406,147,11,1621,1588,"0,7965994962",350,104,12
2010,LYON,15956,15791,"0,8798682794",13894,3758,2055,919,5781,5671,"0,8719802504",1878,539,54,7017,6890,"0,8566037736",1646,479,76
2010,MARTINIQUE,2283,2250,"0,8275555556",1862,387,204,89,1342,1305,"0,8283524904",258,44,1,1722,1663,"0,7288033674",184,29,3
2010,MONTPELLIER,12133,11954,"0,8769449557",10483,2828,1484,741,4313,4236,"0,8788951841",1342,376,37,6314,6156,"0,8230994152",1335,374,62
2010,NANCY-METZ,11246,11143,"0,8783092524",9787,2674,1574,805,5104,5045,"0,8717542121",1561,438,51,6616,6459,"0,8066264128",1445,450,63
2010,NANTES,17000,16888,"0,912304595",15407,4357,2212,786,6413,6326,"0,8947202023",2177,624,59,7721,7625,"0,8946885246",2075,569,87
2010,NICE,10833,10689,"0,8553653288",9143,2438,1386,669,3486,3367,"0,8514998515",971,254,22,4469,4327,"0,8088745089",974,287,37
2010,ORLEANS-TOURS,12230,12100,"0,8609090909",10417,2812,1527,700,4060,3990,"0,8609022556",1201,362,35,5795,5647,"0,8197272888",1350,361,43
2010,PARIS,16032,15668,"0,8655859076",13562,3647,2467,1252,4420,4269,"0,8463340361",1296,395,47,4559,4357,"0,7975671333",911,265,48
2010,POITIERS,7311,7254,"0,8702784671",6313,1606,832,379,3012,2974,"0,891728312",1032,317,23,3634,3560,"0,8376404494",809,202,15
2010,REIMS,6254,6207,"0,8609634284",5344,1405,728,350,2801,2757,"0,8505622053",805,196,14,3175,3128,"0,8280051151",673,192,33
2010,RENNES,15713,15594,"0,9134282416",14244,4216,2091,907,5653,5560,"0,9039568345",1981,589,68,8256,8146,"0,8747851706",2130,480,65
2010,ROUEN,9137,9034,"0,8527783927",7704,2005,992,601,4024,3954,"0,8798684876",1243,389,52,5055,4915,"0,7965412004",1046,293,32
2010,STRASBOURG,8699,8628,"0,9179415855",7920,2344,1412,727,3706,3662,"0,8700163845",1178,362,34,4568,4476,"0,8491957105",1070,306,49
2010,TOULOUSE,13189,13051,"0,8992414374",11736,3232,1744,790,4530,4478,"0,8885663243",1485,473,41,6191,6030,"0,8537313433",1436,353,44
2010,VERSAILLES,32519,31989,"0,8682672169",27775,7517,4286,1879,11343,11042,"0,8229487412",3076,811,60,14533,13976,"0,8040927304",2907,789,78
2011,AIX-MARSEILLE,14395,14194,"0,8795970128",12485,3465,1815,834,6440,6290,"0,813672496",1708,517,64,7089,6939,"0,7986741605",1448,333,45
2011,AMIENS,8842,8755,"0,8443175328",7392,1938,1001,512,5207,5156,"0,8326221877",1399,450,56,4909,4744,"0,7858347386",923,249,30
2011,BESANCON,5324,5282,"0,8949261643",4727,1325,739,341,3064,3038,"0,8525345622",923,253,17,2567,2542,"0,8489378442",656,209,24
2011,BORDEAUX,15121,14940,"0,8910307898",13312,3704,1887,759,7278,7228,"0,8714720531",2346,673,76,6301,6179,"0,862922803",1470,349,51
2011,CAEN,6870,6818,"0,8753300088",5968,1554,861,387,3245,3211,"0,8822796637",1049,310,26,3010,2973,"0,8570467541",732,139,17
2011,CLERMONT-FERRAND,5726,5663,"0,8986402967",5089,1424,757,335,3476,3453,"0,8320301187",1055,279,17,2568,2520,"0,8523809524",562,125,23
2011,CORSE,1331,1311,"0,8977879481",1177,276,146,88,355,343,"0,8513119534",83,22,2,607,588,"0,7908163265",100,30,1
2011,CRETEIL,21392,20820,"0,834678194",17378,4353,2229,950,12542,12288,"0,7541503906",2535,546,56,12503,11967,"0,7521517506",2009,493,60
2011,DIJON,7425,7353,"0,8935128519",6570,1813,1005,490,5222,5173,"0,8329789291",1518,419,26,3491,3422,"0,8495032145",811,226,29
2011,GRENOBLE,16045,15889,"0,9249795456",14697,4363,2606,1204,5287,5197,"0,8932076198",1813,617,64,7317,7112,"0,8678290214",1770,444,81
2011,GUADELOUPE,2727,2690,"0,7892193309",2123,421,217,96,2130,2093,"0,8600095557",462,91,5,1624,1564,"0,8126598465",205,39,5
2011,GUYANE,999,977,"0,7164790174",700,130,55,20,543,524,"0,7881679389",61,6,1,784,754,"0,6379310345",50,9,2
2011,LA REUNION,4603,4558,"0,8696796841",3964,963,609,358,3711,3688,"0,8145336226",780,180,12,2887,2840,"0,7672535211",490,117,21
2011,LILLE,19607,19407,"0,876797032",17016,4372,2708,1725,12790,12643,"0,8476627383",3430,986,107,10647,10400,"0,835",2364,667,102
2011,LIMOGES,2997,2974,"0,8981170141",2671,753,391,186,1463,1448,"0,8701657459",495,209,18,1621,1596,"0,8101503759",335,106,20
2011,LYON,15893,15707,"0,8899853568",13979,4076,2223,941,7081,6969,"0,8562204046",2171,667,62,6747,6624,"0,8461654589",1472,358,61
2011,MARTINIQUE,2191,2163,"0,823393435",1781,363,152,90,2000,1974,"0,7831813576",293,52,1,1597,1554,"0,7155727156",176,27,3
2011,MAYOTTE,1025,1021,"0,6856023506",700,103,44,16,730,726,"0,7520661157",93,12,0,1046,1038,"0,6165703276",104,13,2
2011,MONTPELLIER,12190,11981,"0,8765545447",10502,2921,1501,714,7036,6935,"0,8471521269",2030,637,56,6191,6009,"0,8269262773",1315,337,47
2011,NANCY-METZ,10939,10818,"0,8789055278",9508,2584,1537,807,8431,8346,"0,7983465133",2202,631,60,6207,6050,"0,8209917355",1386,391,57
2011,NANTES,17282,17161,"0,9251791854",15877,4878,2544,1190,7562,7483,"0,897901911",2608,836,83,7500,7396,"0,8919686317",1959,495,77
2011,NICE,10424,10240,"0,8711914063",8921,2400,1331,754,6537,6434,"0,813024557",1726,406,44,4155,3960,"0,8303030303",851,197,24
2011,ORLEANS-TOURS,12070,11936,"0,8663706434",10341,2904,1543,736,5928,5866,"0,8129901125",1715,527,50,5527,5397,"0,8180470632",1232,322,30
2011,PARIS,16091,15669,"0,8765715744",13735,3879,2667,1412,5424,5251,"0,8404113502",1515,527,45,4349,4173,"0,8039779535",967,267,38
2011,POITIERS,7644,7559,"0,8847731181",6688,1796,948,426,4073,4028,"0,8552631579",1265,334,35,3536,3444,"0,8417537747",798,191,22
2011,REIMS,6138,6080,"0,8639802632",5253,1406,799,389,4023,3991,"0,8108243548",962,299,30,2938,2888,"0,8230609418",596,155,19
2011,RENNES,15709,15586,"0,9251251123",14419,4352,2251,953,9115,9014,"0,8723097404",2956,796,75,7700,7582,"0,8733843313",1815,409,34
2011,ROUEN,9388,9284,"0,8625592417",8008,2165,1162,686,5030,4972,"0,8439259855",1380,423,63,4885,4754,"0,7976440892",901,254,43
2011,STRASBOURG,8840,8750,"0,9294857143",8133,2468,1569,791,5313,5256,"0,845890411",1575,503,53,4494,4395,"0,8468714448",1061,327,55
2011,TOULOUSE,13607,13473,"0,9052178431",12196,3341,1920,948,6839,6749,"0,8619054675",2150,654,69,6233,6070,"0,8652388797",1450,336,37
2011,VERSAILLES,33095,32510,"0,8769916949",28511,7858,4577,2151,14286,14025,"0,7982887701",3558,1029,84,13688,13207,"0,8110093132",2916,686,78
2012,AIX-MARSEILLE,14551,14363,"0,8867924528",12737,3608,1981,935,10258,10112,"0,7600870253",2260,685,98,6964,6805,"0,8239529758",1389,365,49
2012,AMIENS,8761,8669,"0,8642288615",7492,2040,1088,680,6671,6615,"0,7455782313",1555,426,61,4585,4453,"0,7963170896",928,262,50
2012,BESANCON,5478,5428,"0,8990420044",4880,1404,781,439,4022,3993,"0,7853744052",1002,261,19,2395,2367,"0,8681875792",591,222,45
2012,BORDEAUX,15462,15259,"0,9041221574",13796,4044,2155,894,10516,10429,"0,8217470515",2842,828,62,6120,5989,"0,8741025213",1428,373,48
2012,CAEN,7130,7065,"0,9048832272",6393,1763,1042,520,5058,5020,"0,8334661355",1441,397,39,2927,2893,"0,8627722088",701,192,41
2012,CLERMONT-FERRAND,5637,5580,"0,9048387097",5049,1389,905,464,3707,3665,"0,8128240109",1098,308,35,2333,2287,"0,8574551815",572,133,19
2012,CORSE,1301,1282,"0,9173166927",1176,294,159,94,683,673,"0,8291233284",174,57,3,563,544,"0,8584558824",112,29,2
2012,CRETEIL,21508,20992,"0,8515148628",17875,4673,2630,1260,15827,15549,"0,683130748",2752,571,60,11866,11389,"0,7673193432",1922,499,55
2012,DIJON,7526,7472,"0,8993576017",6720,1858,1041,597,4533,4470,"0,7644295302",1098,315,26,3088,3042,"0,8438527285",689,231,32
2012,GRENOBLE,16676,16537,"0,9363246054",15484,4747,3057,1531,10650,10575,"0,8170212766",3062,800,76,7178,7018,"0,8814477059",1856,536,78
2012,GUADELOUPE,2943,2918,"0,7882111035",2300,427,204,78,2623,2590,"0,8084942085",481,83,5,1435,1400,"0,82",193,39,6
2012,GUYANE,1114,1096,"0,7527372263",825,159,71,33,1313,1298,"0,6278890601",154,27,0,768,734,"0,583106267",42,7,1
2012,LA REUNION,4772,4739,"0,8744460857",4144,1066,642,466,4022,3988,"0,75777332",757,173,9,2837,2810,"0,8035587189",495,142,32
2012,LILLE,19355,19184,"0,896059216",17190,4486,3055,2073,16672,16535,"0,7612942244",3844,1152,119,9625,9437,"0,8396736251",2185,632,123
2012,LIMOGES,2925,2892,"0,9145919779",2645,731,476,255,2132,2121,"0,7817067421",570,177,14,1464,1441,"0,8147120056",302,96,14
2012,LYON,16474,16324,"0,9074981622",14814,4327,2599,1235,9822,9691,"0,8077597771",2640,721,69,7011,6882,"0,8625399593",1714,496,91
2012,MARTINIQUE,2280,2232,"0,8481182796",1893,378,212,115,2272,2224,"0,7643884892",376,47,3,1569,1517,"0,7666446935",164,28,2
2012,MAYOTTE,1204,1195,"0,6133891213",733,112,46,15,754,747,"0,688085676",83,18,0,1296,1281,"0,4902419984",64,6,0
2012,MONTPELLIER,12463,12294,"0,8851472263",10882,3057,1745,932,8201,8077,"0,7839544385",1979,569,57,5899,5746,"0,8310128785",1244,326,54
2012,NANCY-METZ,11242,11127,"0,8931428058",9938,2737,1692,1016,7804,7705,"0,7483452304",1783,510,61,5675,5543,"0,8181490168",1210,351,58
2012,NANTES,17200,17092,"0,9372805991",16020,5036,2995,1279,11983,11889,"0,8154596686",3280,869,93,7446,7331,"0,9051971082",2048,570,85
2012,NICE,10807,10642,"0,8898703251",9470,2697,1586,853,5419,5280,"0,7784090909",1161,356,50,3923,3780,"0,8476190476",895,246,27
2012,ORLEANS-TOURS,12455,12312,"0,8724009097",10741,3012,1724,1005,7134,7071,"0,77372366",1731,484,38,5256,5121,"0,8465143527",1240,331,32
2012,PARIS,16245,15847,"0,8925348646",14144,3928,2897,1781,6662,6456,"0,7746282528",1579,424,52,4223,4048,"0,8280632411",927,273,49
2012,POITIERS,7684,7602,"0,9064719811",6891,1914,1027,502,4900,4845,"0,7923632611",1257,344,33,3403,3342,"0,8524835428",799,212,20
2012,REIMS,6204,6146,"0,8820370973",5421,1541,850,461,4584,4532,"0,7899382171",1089,308,26,2757,2717,"0,8281192492",661,176,20
2012,RENNES,16094,15991,"0,9394659496",15023,4834,2631,1195,9110,9021,"0,848353841",2759,801,90,7440,7345,"0,8928522805",1983,463,46
2012,ROUEN,9576,9462,"0,8752906362",8282,2197,1238,791,6810,6735,"0,7729769859",1618,455,65,4532,4421,"0,8111287039",874,272,49
2012,STRASBOURG,9078,8992,"0,9297153025",8360,2547,1641,1011,6365,6291,"0,8140200286",1667,470,69,4109,4026,"0,8464977645",976,291,44
2012,TOULOUSE,13861,13731,"0,9137717573",12547,3698,2145,1027,8572,8476,"0,815125059",2249,621,69,5747,5615,"0,8589492431",1361,369,44
2012,VERSAILLES,34058,33495,"0,8948201224",29972,8495,5515,2566,17755,17503,"0,7381020397",3861,981,82,13524,13081,"0,8198149989",2685,740,89
2013,AIX-MARSEILLE,14809,14653,"0,8973589026",13149,3789,2187,1218,8429,8212,"0,7569410619",1953,622,81,6510,6360,"0,8550314465",1490,475,62
2013,AMIENS,8890,8831,"0,8902729023",7862,2100,1315,851,5642,5558,"0,7515293271",1297,395,70,4377,4296,"0,8307728119",968,322,45
2013,BESANCON,5678,5643,"0,9253942938",5222,1478,937,585,3420,3391,"0,7864936597",860,233,22,2279,2245,"0,8841870824",610,173,35
2013,BORDEAUX,15575,15441,"0,9259762969",14298,4246,2564,1354,8470,8345,"0,8286399041",2364,798,82,5937,5854,"0,9026306799",1670,441,74
2013,CAEN,7287,7243,"0,9282065442",6723,1930,1213,711,3928,3902,"0,8370066632",1065,377,40,2700,2660,"0,8763157895",676,174,34
2013,CLERMONT-FERRAND,5828,5781,"0,9346133887",5403,1648,1132,634,3153,3114,"0,8147077714",920,301,45,2317,2281,"0,8934677773",675,199,24
2013,CORSE,1274,1261,"0,9500396511",1198,327,208,138,570,561,"0,8003565062",140,43,8,584,571,"0,88441331",140,45,8
2013,CRETEIL,21120,20728,"0,8849864917",18344,4875,2985,1678,13653,13348,"0,7052741984",2541,594,59,11203,10898,"0,8370343182",2501,762,119
2013,DIJON,7544,7487,"0,9183918793",6876,1994,1222,739,4159,4099,"0,7911685777",1104,356,30,2976,2934,"0,8653715065",676,195,34
2013,GRENOBLE,17271,17141,"0,945452424",16206,4875,3344,1955,8061,7946,"0,8249433677",2364,757,84,6525,6404,"0,8999063086",1848,583,81
2013,GUADELOUPE,2901,2869,"0,882188916",2531,570,277,156,2151,2112,"0,8357007576",527,104,9,1281,1254,"0,850877193",168,45,5
2013,GUYANE,1109,1090,"0,8201834862",894,197,78,54,1181,1154,"0,6551126516",156,29,1,761,732,"0,7759562842",78,16,0
2013,LA REUNION,4592,4562,"0,9101271372",4152,1083,725,569,3282,3255,"0,7192012289",584,121,10,2842,2790,"0,8688172043",590,189,34
2013,LILLE,19966,19770,"0,9144157815",18078,4900,3259,2578,13609,13430,"0,7791511541",3388,1125,156,9258,9065,"0,8728075014",2466,821,159
2013,LIMOGES,3005,2978,"0,9247817327",2754,810,477,323,1689,1671,"0,8049072412",483,177,17,1380,1346,"0,8647845468",362,109,22
2013,LYON,16165,15992,"0,930090045",14874,4357,2915,1618,8064,7917,"0,8039661488",2277,637,96,6825,6709,"0,8582501118",1561,449,82
2013,MARTINIQUE,2086,2047,"0,9149975574",1873,466,270,140,1874,1828,"0,7822757112",357,68,2,1297,1248,"0,8878205128",223,49,8
2013,MAYOTTE,1368,1357,"0,6617538688",898,136,53,30,724,715,"0,6545454545",63,8,1,1313,1291,"0,5398915569",82,14,1
2013,MONTPELLIER,12939,12792,"0,9130706692",11680,3344,2047,1274,7316,7197,"0,788939836",1895,620,95,5838,5730,"0,887609075",1496,475,68
2013,NANCY-METZ,11158,11059,"0,9181661995",10154,2867,1913,1270,6948,6881,"0,7804098242",1827,597,79,5407,5304,"0,8557692308",1369,479,77
2013,NANTES,17869,17751,"0,9509323418",16880,5407,3210,1800,9443,9303,"0,8327421262",2717,811,96,6950,6869,"0,9178919785",2065,657,118
2013,NICE,10761,10583,"0,9142965133",9676,2611,1812,1165,5200,5072,"0,7929810726",1293,401,71,4073,3989,"0,8588618701",947,315,56
2013,ORLEANS-TOURS,12299,12178,"0,9221547052",11230,3196,2032,1239,6011,5926,"0,7892338846",1571,500,61,5071,4976,"0,8735932476",1353,411,82
2013,PARIS,16254,15959,"0,9186039226",14660,4054,3188,2353,5795,5594,"0,788344655",1432,515,69,3999,3864,"0,8532608696",1024,369,77
2013,POITIERS,8007,7940,"0,9285894207",7373,2153,1291,794,4377,4318,"0,7920333488",1124,391,44,3264,3223,"0,8969903816",918,263,45
2013,REIMS,6233,6188,"0,8996444732",5567,1526,965,554,3828,3783,"0,7972508591",1033,341,39,2685,2650,"0,8701886792",716,204,32
2013,RENNES,16523,16427,"0,9488037986",15586,4993,3047,1682,8074,7982,"0,8476572288",2463,834,115,6922,6836,"0,9059391457",1895,488,61
2013,ROUEN,9514,9431,"0,9113561658",8595,2404,1391,974,5676,5603,"0,7893985365",1436,555,98,4158,4066,"0,8566158387",975,330,57
2013,STRASBOURG,9294,9205,"0,9422053232",8673,2599,1908,1268,5132,5056,"0,7814477848",1268,468,59,3878,3812,"0,8919202518",1048,390,77
2013,TOULOUSE,14200,14084,"0,9336836126",13150,3889,2529,1561,7100,7001,"0,8145979146",1960,696,112,5761,5648,"0,8978399433",1480,463,82
2013,VERSAILLES,33968,33523,"0,9174894848",30757,8678,5974,3617,14960,14633,"0,7473518759",3296,1024,117,13045,12730,"0,841555381",3014,879,126
2014,AIX-MARSEILLE,15300,15130,"0,8938532716",13524,3670,2261,1395,9086,8863,"0,8031140697",2512,845,137,6377,6241,"0,8887998718",1746,578,81
2014,AMIENS,8937,8868,"0,8773116825",7780,1997,1290,851,6604,6517,"0,7890133497",1784,665,91,4208,4138,"0,8726437893",1099,349,74
2014,BESANCON,5703,5642,"0,9186458703",5183,1474,869,582,3621,3602,"0,8353692393",1146,410,42,2288,2258,"0,928255093",785,304,52
2014,BORDEAUX,16013,15858,"0,9181485685",14560,4001,2505,1457,9211,9112,"0,8622695347",3010,1143,156,5944,5879,"0,9244769519",1932,681,96
2014,CAEN,7217,7174,"0,9167828269",6577,1797,1132,740,4415,4385,"0,8583808438",1409,551,57,2732,2697,"0,9325176122",914,266,40
2014,CLERMONT-FERRAND,5757,5723,"0,9204962432",5268,1579,956,625,3582,3539,"0,8601299802",1223,461,62,2288,2257,"0,9282233053",768,219,33
2014,CORSE,1291,1278,"0,9507042254",1215,339,203,166,687,676,"0,8328402367",204,86,12,564,556,"0,9550359712",173,59,14
2014,CRETEIL,21782,21394,"0,8749182014",18718,4950,2820,1821,15554,15218,"0,7518727822",3610,1081,117,10692,10375,"0,8906987952",3023,1048,174
2014,DIJON,7873,7798,"0,9149781995",7135,1907,1227,825,4652,4603,"0,8372800348",1408,558,71,3042,2990,"0,9127090301",829,260,52
2014,GRENOBLE,17821,17674,"0,9335181623",16499,4719,3029,2001,8876,8766,"0,8470225873",2795,1056,137,6397,6302,"0,9430339575",2150,785,106
2014,GUADELOUPE,2781,2761,"0,8652662079",2389,549,323,162,2058,2024,"0,8206521739",496,131,3,1282,1260,"0,9198412698",285,84,8
2014,GUYANE,1092,1078,"0,8098330241",873,179,89,52,1177,1160,"0,674137931",168,37,2,693,672,"0,7708333333",104,21,3
2014,LA REUNION,4694,4629,"0,9228775113",4272,1084,734,576,3371,3343,"0,7442416991",673,241,24,2730,2691,"0,884057971",707,240,36
2014,LILLE,19776,19601,"0,9015356359",17671,4631,3105,2449,15237,15079,"0,8129186286",4290,1577,222,9000,8835,"0,9222410866",2791,1016,215
2014,LIMOGES,3145,3111,"0,9231758277",2872,758,460,362,2102,2072,"0,8368725869",684,266,31,1290,1263,"0,9247822644",399,164,25
2014,LYON,16518,16349,"0,9151630069",14962,4322,2679,1636,8848,8710,"0,8417910448",2696,967,136,7061,6945,"0,9115910727",2126,654,90
2014,MARTINIQUE,1985,1953,"0,8822324629",1723,408,254,145,1944,1885,"0,823872679",453,95,5,1059,1023,"0,9149560117",263,59,15
2014,MAYOTTE,1379,1360,"0,6602941176",898,154,58,22,870,858,"0,7412587413",142,27,3,1300,1274,"0,5918367347",94,21,0
2014,MONTPELLIER,12882,12746,"0,9052251687",11538,3098,1986,1256,8278,8150,"0,8204907975",2407,928,141,5727,5622,"0,9224475276",1683,572,97
2014,NANCY-METZ,11219,11090,"0,9088367899",10079,2808,1888,1240,8562,8509,"0,8257139499",2448,1044,143,5321,5224,"0,924770291",1681,632,136
2014,NANTES,18338,18254,"0,9406157555",17170,5118,3307,1803,10286,10198,"0,8718376152",3601,1333,163,6968,6894,"0,9487960545",2479,831,118
2014,NICE,11026,10887,"0,9039221089",9841,2711,1769,1176,5632,5517,"0,8236360341",1577,601,91,4187,4108,"0,9036027264",1227,422,78
2014,ORLEANS-TOURS,12154,12034,"0,9149077613",11010,3106,1972,1316,6816,6736,"0,8205166271",1945,805,93,5108,5028,"0,9112967383",1552,546,89
2014,PARIS,15924,15645,"0,9073186322",14195,3777,3224,2337,6081,5924,"0,8122889939",1711,631,94,3984,3848,"0,8965696466",1137,547,122
2014,POITIERS,8065,8018,"0,9191818409",7370,2013,1290,835,4815,4770,"0,8337526205",1488,516,62,3188,3150,"0,9393650794",1048,353,53
2014,REIMS,6325,6275,"0,8819123506",5534,1479,883,645,4331,4278,"0,8146330061",1260,415,64,2608,2577,"0,9041521149",764,230,32
2014,RENNES,16871,16719,"0,9402476225",15720,4748,2891,1753,9367,9265,"0,8796546141",3358,1259,166,6890,6829,"0,9494801581",2506,798,118
2014,ROUEN,9511,9449,"0,9035876812",8538,2317,1455,1056,6150,6075,"0,7952263374",1634,635,138,4029,3959,"0,8946703713",1116,393,69
2014,STRASBOURG,9250,9161,"0,9279554634",8501,2402,1691,1244,5875,5804,"0,8246037216",1709,759,121,3811,3748,"0,9210245464",1260,464,92
2014,TOULOUSE,14343,14223,"0,9216761583",13109,3634,2361,1522,8625,8549,"0,8452450579",2559,1150,152,5648,5565,"0,9203953279",1749,585,103
2014,VERSAILLES,34651,34191,"0,9050042409",30943,8492,5863,3967,15813,15476,"0,7925174464",4246,1540,178,12942,12571,"0,8940418423",3691,1201,197
2015,AIX-MARSEILLE,15350,15183,"0,8909965093",13528,3709,2353,1369,8820,8633,"0,7777134252",2173,700,110,6246,6137,"0,8937591657",1793,633,110
2015,AMIENS,9197,9110,"0,8946212953",8150,2217,1400,959,6483,6417,"0,7899329905",1671,620,95,4073,4008,"0,873752495",1066,388,120
2015,BESANCON,5779,5740,"0,9219512195",5292,1498,958,653,3259,3247,"0,809670465",933,360,51,2073,2046,"0,926686217",688,285,54
2015,BORDEAUX,16591,16415,"0,918306427",15074,4255,2559,1436,8843,8734,"0,8429127548",2699,968,146,5980,5888,"0,9176290761",1832,678,123
2015,CAEN,7489,7447,"0,9199677723",6851,1952,1159,741,4157,4136,"0,8266441006",1192,445,75,2565,2540,"0,9224409449",834,286,40
2015,CLERMONT-FERRAND,6038,5988,"0,9241816967",5534,1626,1056,640,3475,3446,"0,8209518282",1020,365,47,2156,2129,"0,9276655707",741,255,28
2015,CORSE,1264,1253,"0,9664804469",1211,315,230,147,609,596,"0,8154362416",170,49,8,519,514,"0,9260700389",168,35,16
2015,CRETEIL,22927,22476,"0,8779142196",19732,5203,3246,1831,14615,14339,"0,7369412093",3194,973,134,10024,9768,"0,8985462735",2772,999,203
2015,DIJON,7936,7841,"0,9154444586",7178,1991,1261,697,4338,4295,"0,8086146682",1155,483,66,2966,2895,"0,8949913644",788,274,55
2015,GRENOBLE,18155,17979,"0,9370932755",16848,4967,3279,2029,8807,8695,"0,8296722254",2654,910,135,6403,6324,"0,9367488931",2132,812,134
2015,GUADELOUPE,2884,2867,"0,9040809208",2592,637,370,228,2064,2018,"0,7770069376",443,95,3,1229,1218,"0,9293924466",281,88,13
2015,GUYANE,1148,1135,"0,8669603524",984,232,106,69,1252,1238,"0,731825525",206,47,1,698,687,"0,8180494905",125,29,8
2015,LA REUNION,4822,4778,"0,9198409376",4395,1139,728,629,3546,3517,"0,7537674154",728,209,27,2850,2819,"0,8772614402",661,243,49
2015,LILLE,20661,20466,"0,9098504837",18621,4982,3397,2734,14281,14173,"0,7937627884",3811,1335,194,8551,8401,"0,9201285561",2630,1079,288
2015,LIMOGES,3237,3204,"0,9260299625",2967,817,525,372,1922,1902,"0,8212407992",563,240,32,1211,1185,"0,9172995781",347,153,42
2015,LYON,17155,16976,"0,9183553252",15590,4460,2934,1830,8696,8564,"0,8225128445",2543,938,147,6652,6543,"0,9040195629",1915,652,136
2015,MARTINIQUE,2123,2103,"0,9339039467",1964,499,329,204,1678,1650,"0,8054545455",358,71,0,1033,1007,"0,8987090367",224,81,12
2015,MAYOTTE,1435,1420,"0,6866197183",975,140,63,32,979,965,"0,725388601",125,25,2,1414,1404,"0,6759259259",124,22,2
2015,MONTPELLIER,13298,13153,"0,90526876",11907,3325,2187,1378,7841,7722,"0,7983682984",2069,718,137,5687,5590,"0,9037567084",1676,609,132
2015,NANCY-METZ,11373,11264,"0,9137961648",10293,2883,1879,1178,7618,7555,"0,7895433488",1979,756,129,5006,4918,"0,9211061407",1542,677,154
2015,NANTES,18667,18538,"0,9411479124",17447,5234,3265,1860,10251,10155,"0,862530773",3284,1208,187,6756,6693,"0,9499477066",2425,853,164
2015,NICE,11164,11028,"0,9134929271",10074,2679,1905,1354,5440,5343,"0,7871982033",1398,505,88,4036,3968,"0,9261592742",1306,496,122
2015,ORLEANS-TOURS,12503,12395,"0,9169019766",11365,3296,2122,1296,6797,6735,"0,8124721604",1875,705,109,4867,4796,"0,9243119266",1487,588,118
2015,PARIS,16337,16051,"0,9252383029",14851,4058,3466,2511,5582,5471,"0,8000365564",1497,535,91,3843,3738,"0,8970037453",1119,506,132
2015,POITIERS,8303,8235,"0,9270188221",7634,2151,1379,847,4579,4537,"0,805818823",1226,422,63,3151,3111,"0,9234972678",938,327,64
2015,REIMS,6516,6471,"0,8932158863",5780,1551,955,597,4236,4200,"0,7923809524",1100,417,60,2486,2455,"0,900610998",716,260,51
2015,RENNES,17473,17336,"0,9372404246",16248,4893,3052,1809,8900,8804,"0,8734666061",2905,1077,142,6797,6746,"0,9439667951",2304,802,172
2015,ROUEN,9701,9612,"0,9089679567",8737,2312,1527,1004,5993,5920,"0,7861486486",1548,621,136,3949,3890,"0,8946015424",1029,467,92
2015,STRASBOURG,9579,9502,"0,9345400968",8880,2598,1955,1429,5613,5539,"0,8021303484",1552,537,83,3787,3721,"0,9303950551",1215,564,118
2015,TOULOUSE,15243,15112,"0,9215193224",13926,4023,2590,1601,8093,8012,"0,8197703445",2200,819,134,5356,5261,"0,9038205664",1603,600,80
2015,VERSAILLES,35976,35518,"0,9129455487",32426,9124,6467,3989,15627,15358,"0,7585623128",3909,1298,182,12574,12269,"0,8846686772",3444,1333,267